,스킬이름,스킬정보,데미지,타입
1,막치기,긴 꼬리나 손 등을 사용하여 상대를 때려서 공격한다.,40.0,노말
2,태권당수,날카로운 당수로 상대를 때려서 공격한다. 급소에 맞기 쉽다.,50.0,격투
3,연속뺨치기,연속 뺨치기로 상대를 때려서 공격한다. 2-5회 동안 연속으로 쓴다.,15.0,노말
4,연속펀치,노도 같은 펀치로 상대를 세게 때려서 공격한다. 2-5회 동안 연속으로 쓴다.,18.0,노말
5,메가톤펀치,힘을 담은 펀치로 상대를 공격한다.,80.0,노말
6,고양이돈받기,상대의 몸에 돈을 세게 던져서 공격한다. 배틀 후에 돈을 받을 수 있다.,40.0,노말
7,불꽃펀치,불꽃을 담은 펀치로 상대를 공격한다. 화상 상태로 만들 때가 있다.,75.0,불꽃
8,냉동펀치,냉기를 담은 펀치로 상대를 공격한다. 얼음 상태로 만들 때가 있다.,75.0,얼음
9,번개펀치,전격을 담은 펀치로 상대를 공격한다. 마비 상태로 만들 때가 있다.,75.0,전기
10,할퀴기,단단하고 뾰족한 날카로운 손톱으로 상대를 할퀴어서 공격한다.,40.0,노말
11,찝기,상대를 양쪽에서 집어서 데미지를 준다.,55.0,노말
12,가위자르기,큰 집게로 상대를 베어 갈라 공격한다. 맞으면 일격에 기절한다.,,노말
13,칼바람,바람의 칼날을 만들어 2턴째에 상대를 공격한다. 급소에 맞기 쉽다.,80.0,노말
14,칼춤,싸움의 춤을 격렬하게 추며 기세를 높인다. 자신의 공격을 크게 올린다.,,노말
15,풀베기,낫이나 발톱 등으로 상대를 베어 공격한다. 가느다란 나무도 자를 수 있다.,50.0,노말
16,바람일으키기,날개로 일으킨 격한 바람을 상대에게 부딪쳐서 공격한다.,40.0,비행
17,날개치기,크게 펼친 훌륭한 날개를 상대에게 부딪쳐서 공격한다.,60.0,비행
18,날려버리기,상대를 날려버려서 교대할 포켓몬을 끌어낸다. 야생의 경우에는 배틀이 끝난다.,,노말
19,공중날기,1턴째에 하늘을 날아 2턴째에 상대를 공격한다. 알고 있는 도시로 날아갈 수 있다.,90.0,비행
20,조이기,긴 몸이나 덩굴 등을 써서 4-5턴 동안 상대를 조여 공격한다.,15.0,노말
21,힘껏치기,긴 꼬리나 덩굴 등을 사용해 상대를 힘껏 쳐서 공격한다.,80.0,노말
22,덩굴채찍,채찍처럼 휘어지는 가늘고 긴 덩굴로 상대를 힘껏 쳐서 공격한다.,45.0,풀
23,짓밟기,큰 발로 상대를 짓밟아서 공격한다. 상대를 풀죽게 만들 때가 있다.,65.0,노말
24,두번치기,2개의 다리로 상대를 걷어차서 공격한다. 2회 연속으로 데미지를 준다.,30.0,격투
25,메가톤킥,굉장한 힘을 담은 킥으로 상대를 걷어차서 공격한다.,120.0,노말
26,점프킥,높이 점프해서 킥으로 상대를 공격한다. 빗나가면 자신이 데미지를 입는다.,100.0,격투
27,돌려차기,몸을 재빨리 회전시키며 걷어차서 공격한다. 상대를 풀죽게 만들 때가 있다.,60.0,격투
28,모래뿌리기,상대의 얼굴에 모래를 뿌려서 명중률을 떨어뜨린다.,,땅
29,박치기,머리를 내밀어 곧장 돌진하여 공격한다. 상대를 풀죽게 만들 때가 있다.,70.0,노말
30,뿔찌르기,날카롭고 뾰족한 뿔로 상대를 공격한다.,65.0,노말
31,마구찌르기,뿔이나 부리로 상대를 찔러서 공격한다. 2-5회 동안 연속으로 쓴다.,15.0,노말
32,뿔드릴,회전하는 뿔을 상대에게 꿰찔러서 공격한다. 맞으면 일격에 기절한다.,,노말
33,몸통박치기,상대를 향해서 몸 전체를 부딪쳐가며 공격한다.,40.0,노말
34,누르기,몸 전체로 상대를 덮쳐 눌러 공격한다. 마비 상태로 만들 때가 있다.,85.0,노말
35,김밥말이,긴 몸이나 덩굴 등을 사용해 4-5턴 동안 상대를 휘감아 공격한다.,15.0,노말
36,돌진,굉장한 기세로 상대에게 부딪쳐 공격한다. 자신도 조금 데미지를 입는다.,90.0,노말
37,난동부리기,2-3턴 동안 마구 난동 부려서 상대를 공격한다. 난동 부린 뒤에는 혼란에 빠진다.,120.0,노말
38,이판사판태클,목숨을 걸고 상대에게 돌진하여 공격을 한다. 자신도 상당한 데미지를 입는다.,120.0,노말
39,꼬리흔들기,꼬리를 좌우로 귀엽게 흔들어 방심을 유도한다. 상대의 방어를 떨어뜨린다.,,노말
40,독침,독이 있는 침을 상대에게 꿰찔러서 공격한다. 독 상태로 만들 때가 있다.,15.0,독
41,더블니들,2개의 침을 상대에게 꿰찔러 2회 연속으로 데미지를 준다. 독 상태로 만들 때가 있다.,25.0,벌레
42,바늘미사일,날카로운 침을 상대에게 발사해서 공격한다. 2-5회 동안 연속으로 쓴다.,25.0,벌레
43,째려보기,날카로운 눈초리로 겁을 주어 상대의 방어를 떨어뜨린다.,,노말
44,물기,날카롭고 뾰족한 이빨로 물어서 공격한다. 상대를 풀죽게 만들 때가 있다.,60.0,악
45,울음소리,귀여운 울음소리를 들려주고 관심을 끌어 방심한 사이에 상대의 공격을 떨어뜨린다.,,노말
46,울부짖기,상대를 도망가게 해서 교대할 포켓몬을 끌어낸다. 야생의 경우에는 배틀이 끝난다.,,노말
47,노래하기,기분 좋은 예쁜 노랫소리를 들려주고 상대를 잠듦 상태로 만든다.,,노말
48,초음파,특수한 음파를 몸에서 발산하여 상대를 혼란시킨다.,,노말
49,소닉붐,충격파를 상대에 부딪쳐서 공격한다. 언제나 20의 데미지를 준다.,,노말
50,사슬묶기,상대의 움직임을 막아 바로 전에 쓴 기술을 4턴 동안 사용할 수 없게 만든다.,,노말
51,용해액,강한 산을 상대에게 끼얹어 공격한다. 상대의 특수방어를 떨어뜨릴 때가 있다.,40.0,독
52,불꽃세례,작은 불꽃을 상대에게 발사하여 공격한다. 화상 상태로 만들 때가 있다.,40.0,불꽃
53,화염방사,세찬 불꽃을 상대에게 발사하여 공격한다. 화상 상태로 만들 때가 있다.,90.0,불꽃
54,흰안개,하얀 안개로 몸을 덮는다. 5턴 동안 상대에 의해 능력이 떨어지지 않게 된다.,,얼음
55,물대포,물을 기세 좋게 상대에게 발사하여 공격한다.,40.0,물
56,하이드로펌프,대량의 물을 세찬 기세로 상대에게 발사하여 공격한다.,110.0,물
57,파도타기,큰 파도로 자신의 주위에 있는 포켓몬을 공격한다. 물 위도 헤엄쳐서 나아간다.,90.0,물
58,냉동빔,냉동빔을 상대에게 발사하여 공격한다. 얼음 상태로 만들 때가 있다.,90.0,얼음
59,눈보라,세찬 눈보라를 상대에게 내뿜어 공격한다. 얼음 상태로 만들 때가 있다.,110.0,얼음
60,환상빔,이상한 광선을 상대에게 발사하여 공격한다. 혼란시킬 때가 있다.,65.0,에스퍼
61,거품광선,거품을 기세 좋게 상대에게 발사하여 공격한다. 스피드를 떨어뜨릴 때가 있다.,65.0,물
62,오로라빔,무지개색의 빔을 상대에게 발사하여 공격한다. 공격을 떨어뜨릴 때가 있다.,65.0,얼음
63,파괴광선,강한 광선을 상대에게 발사하여 공격한다. 다음 턴은 움직일 수 없다.,150.0,노말
64,쪼기,날카롭고 뾰족한 부리나 뿔로 상대를 쪼아서 공격한다.,35.0,비행
65,회전부리,회전하면서 뾰족한 부리를 상대에게 꿰찔러 공격한다.,80.0,비행
66,지옥의바퀴,땅에 자신과 함께 상대를 내던져 공격한다. 자신도 조금 데미지를 입는다.,80.0,격투
67,안다리걸기,발을 강하게 걸고 상대를 넘어뜨려 공격한다. 상대가 무거울수록 위력이 올라간다.,,격투
68,카운터,상대로부터 받은 물리공격의 데미지를 2배로 만들어 같은 상대에게 돌려준다.,,격투
69,지구던지기,인력을 사용해 내던진다. 자신의 레벨과 똑같은 데미지를 상대에게 준다.,,격투
70,괴력,혼신의 힘으로 상대를 세게 때려서 공격한다. 무거운 돌을 밀 수도 있다.,80.0,노말
71,흡수,양분을 흡수하여 공격한다. 상대에게 입힌 데미지의 절반에 해당하는 HP를 회복할 수 있다.,20.0,풀
72,메가드레인,양분을 흡수하여 공격한다. 상대에게 입힌 데미지의 절반에 해당하는 HP를 회복할 수 있다.,40.0,풀
73,씨뿌리기,씨가 뿌려진 상대의 HP를 매 턴 조금씩 흡수하여 자신의 HP를 회복한다.,,풀
74,성장,몸을 일시에 크게 성장시켜 공격과 특수공격을 올린다.,,노말
75,잎날가르기,잎사귀를 날려 상대를 베어 공격한다. 급소에 맞기 쉽다.,55.0,풀
76,솔라빔,1턴째에 빛을 가득 모아 2턴째에 빛의 다발을 발사하여 공격한다.,120.0,풀
77,독가루,독이 있는 가루를 많이 흩뿌려서 상대를 독 상태로 만든다.,,독
78,저리가루,저리 가루를 많이 흩뿌려서 상대를 마비 상태로 만든다.,,풀
79,수면가루,잠이 오는 가루를 많이 흩뿌려서 상대를 잠듦 상태로 만든다.,,풀
80,꽃잎댄스,2-3턴 동안 꽃을 흩뿌려서 상대를 공격한다. 흩뿌린 뒤에는 혼란에 빠진다.,120.0,풀
81,실뿜기,입에서 뿜어낸 실을 휘감아서 상대의 스피드를 크게 떨어뜨린다.,,벌레
82,용의분노,분노의 충격파를 상대에게 부딪쳐서 공격한다. 언제나 40의 데미지를 준다.,,드래곤
83,회오리불꽃,세차게 소용돌이치는 불꽃 속에 4-5턴 동안 상대를 가두어 공격한다.,35.0,불꽃
84,전기쇼크,전기 자극을 상대에게 날려서 공격한다. 마비 상태로 만들 때가 있다.,40.0,전기
85,10만볼트,강한 전격을 상대에게 날려서 공격한다. 마비 상태로 만들 때가 있다.,90.0,전기
86,전기자석파,약한 전격을 날려서 상대를 마비 상태로 만든다.,,전기
87,번개,강한 번개를 상대에게 떨어뜨려 공격한다. 마비 상태로 만들 때가 있다.,110.0,전기
88,돌떨구기,작은 바위를 들어올려 상대에게 내던져서 공격한다.,50.0,바위
89,지진,지진의 충격으로 자신의 주위에 있는 포켓몬을 공격한다.,100.0,땅
90,땅가르기,땅이 갈라진 곳에 상대를 떨어뜨려 공격한다. 맞으면 일격에 기절한다.,,땅
91,구멍파기,1턴째에 파고들어 2턴째에 상대를 공격한다. 동굴에서 탈출할 수도 있다.,80.0,땅
92,맹독,상대를 맹독의 상태로 만든다. 턴이 진행될수록 독의 데미지가 증가한다.,,독
93,염동력,약한 염동력을 상대에게 보내어 공격한다. 상대를 혼란시킬 때가 있다.,50.0,에스퍼
94,사이코키네시스,강한 염동력을 상대에게 보내어 공격한다. 상대의 특수방어를 떨어뜨릴 때가 있다.,90.0,에스퍼
95,최면술,졸음을 유도하는 암시를 걸어서 상대를 잠듦 상태로 만든다.,,에스퍼
96,요가포즈,잠들어 있는 힘을 몸속에서 끌어내어 자신의 공격을 올린다.,,에스퍼
97,고속이동,힘을 빼고 몸을 가볍게 해서 고속으로 움직인다. 자신의 스피드를 크게 올린다.,,에스퍼
98,전광석화,눈에 보이지 않는 굉장한 속도로 상대에게 돌진한다. 반드시 선제공격할 수 있다.,40.0,노말
99,분노,기술을 썼을 때 공격을 받으면 분노의 힘으로 공격이 올라간다.,20.0,노말
100,순간이동,야생 포켓몬과 배틀을 그만둔다. 마지막에 들어갔던 포켓몬센터가 있는 도시에도 갈 수 있다.,,에스퍼
101,나이트헤드,무시무시한 환상을 보게 해서 자신의 레벨과 똑같은 만큼의 데미지를 상대에게 준다.,,고스트
102,흉내내기,상대가 마지막에 사용한 기술을 배틀을 하는 동안 자신의 기술로 만들 수 있다.,,노말
103,싫은소리,그만 귀를 막아버리고 싶은 싫은 소리를 내어 상대의 방어를 크게 떨어뜨린다.,,노말
104,그림자분신,재빠른 움직임으로 분신을 만들어 상대를 혼란시켜 회피율을 올린다.,,노말
105,HP회복,세포를 재생시켜 자신의 최대 HP의 절반만큼 HP를 회복한다.,,노말
106,단단해지기,전신에 힘을 담아 몸을 단단하게 해서 자신의 방어를 올린다.,,노말
107,작아지기,몸을 축소하여 작게 보임으로써 자신의 회피율을 크게 올린다.,,노말
108,연막,연기나 먹물을 내뿜어 상대의 명중률을 떨어뜨린다.,,노말
109,이상한빛,이상한 빛을 상대에게 비춰 당황하게 한다. 상대를 혼란시킨다.,,고스트
110,껍질에숨기,껍질에 숨어 몸을 보호하여 자신의 방어를 올린다.,,물
111,웅크리기,몸을 둥글게 웅크려서 자신의 방어를 올린다.,,노말
112,배리어,튼튼한 장막을 만들어 자신의 방어를 크게 올린다.,,에스퍼
113,빛의장막,5턴 동안 이상한 장막으로 상대로부터 받는 특수공격의 데미지를 약하게 한다.,,에스퍼
114,흑안개,흑안개를 뿜어 배틀에 참가 중인 포켓몬 전원의 능력 변화를 원래대로 돌린다.,,얼음
115,리플렉터,5턴 동안 이상한 장막으로 상대로부터 받는 물리공격의 데미지를 약하게 한다.,,에스퍼
116,기충전,깊게 숨을 들이마셔 기합을 넣는다. 자신의 공격이 급소에 맞기 쉬워진다.,,노말
117,참기,2턴 동안 공격을 견뎌 입은 데미지를 2배로 만들어 상대에게 돌려준다.,,노말
118,손가락흔들기,손가락을 흔들어 자신의 뇌를 자극해서 모든 기술 중 어느 하나를 날린다.,,노말
119,따라하기,상대가 사용한 기술을 흉내 내어 자신도 똑같은 기술을 쓴다.,,비행
120,자폭,폭발을 일으켜서 자신의 주위에 있는 포켓몬을 공격한다. 쓰고 나서 기절하게 된다.,200.0,노말
121,알폭탄,큰 알을 온 힘을 다해 상대에게 내던져서 공격한다.,100.0,노말
122,핥기,긴 혀로 상대를 핥아서 공격한다. 마비 상태로 만들 때가 있다.,30.0,고스트
123,스모그,더러운 가스를 상대에게 내뿜어 공격한다. 독 상태로 만들 때가 있다.,30.0,독
124,오물공격,더러운 오물을 상대에게 내던져서 공격한다. 독 상태로 만들 때가 있다.,65.0,독
125,뼈다귀치기,손에 들고 있는 뼈로 상대를 세게 때려서 공격한다. 상대를 풀죽게 만들 때가 있다.,65.0,땅
126,불대문자,큰 대자의 불꽃으로 상대를 불태운다. 화상 상태로 만들 때가 있다.,110.0,불꽃
127,폭포오르기,굉장한 기세로 상대에게 돌진한다. 상대를 풀죽게 만들 때가 있다. 폭포도 거슬러 올라갈 수 있다.,80.0,물
128,껍질끼우기,매우 튼튼하고 두꺼운 껍질에 4-5턴 동안 상대를 끼워서 공격한다.,35.0,물
129,스피드스타,별 모양의 빛을 발사해서 상대를 공격한다. 공격은 반드시 명중한다.,60.0,노말
130,로케트박치기,1턴째에 머리를 움츠려 방어를 올린다. 2턴째에 상대를 공격한다.,130.0,노말
131,가시대포,날카로운 침을 상대에게 발사해서 공격한다. 2-5회 동안 연속으로 쓴다.,20.0,노말
132,휘감기,촉수나 덩굴 등을 휘감아서 공격한다. 상대의 스피드를 떨어뜨릴 때가 있다.,10.0,노말
133,망각술,머리를 비워서 순간적으로 무언가를 잊어버림으로써 자신의 특수방어를 크게 올린다.,,에스퍼
134,숟가락휘기,숟가락을 휘어서 주의를 끌어 상대의 명중률을 낮춘다.,,에스퍼
135,알낳기,자신의 최대 HP 절반을 회복한다. 동료에게 HP를 나누어 줄 수도 있다.,,노말
136,무릎차기,점프해서 무릎차기로 상대를 공격한다. 빗나가면 자신이 데미지를 입는다.,130.0,격투
137,뱀눈초리,배의 무늬로 겁을 주어 상대를 마비 상태로 만든다.,,노말
138,꿈먹기,잠자고 있는 상대의 꿈을 먹어 공격한다. 데미지의 절반을 HP로 회복한다.,100.0,에스퍼
139,독가스,독가스를 상대의 얼굴에 내뿜어 독 상태로 만든다.,,독
140,구슬던지기,둥근 것을 상대에게 내던져서 공격한다. 2-5회 동안 연속으로 쓴다.,15.0,노말
141,흡혈,피를 빨아서 상대를 공격한다. 준 데미지의 절반을 HP로 회복한다.,80.0,벌레
142,악마의키스,무서운 얼굴로 키스한다. 상대를 잠듦 상태로 만든다.,,노말
143,불새,2턴째에 상대를 공격한다. 가끔 풀죽게 만든다. 급소에도 맞기 쉽다.,140.0,비행
144,변신,상대 포켓몬으로 변신하여 상대와 완전히 똑같은 기술을 사용할 수 있다.,,노말
145,거품,매우 많은 거품을 상대에게 내뿜어 공격한다. 상대의 스피드를 떨어뜨릴 때가 있다.,40.0,물
146,잼잼펀치,리드미컬한 펀치를 날려 상대를 공격한다. 혼란시킬 때가 있다.,70.0,노말
147,버섯포자,최면 효과가 있는 포자를 훌훌 흩뿌려서 상대를 잠듦 상태로 만든다.,,풀
148,플래시,눈이 부신 빛으로 상대의 명중률을 떨어뜨린다.,,노말
149,사이코웨이브,이상한 염력파를 상대에게 발사하여 공격한다. 사용할 때마다 데미지가 바뀐다.,,에스퍼
150,튀어오르기,공격도 하지 않고 팔딱팔딱 튈 뿐 아무 일도 일어나지 않는다...,,노말
151,녹기,세포의 변화로 액체가 되어 자신의 방어를 크게 올린다.,,독
152,찝게햄머,큰 집게를 상대에게 내리쳐서 공격한다. 급소에 맞기 쉽다.,100.0,물
153,대폭발,큰 폭발로 자신의 주위에 있는 포켓몬을 공격한다. 쓰고 나서는 기절한다.,250.0,노말
154,마구할퀴기,손톱이나 낫 등으로 상대를 할퀴어서 공격한다. 2-5회 동안 연속으로 쓴다.,18.0,노말
155,뼈다귀부메랑,손에 들고 있는 뼈를 상대에게 날려서 날아갈 때와 돌아올 때 2회 연속 데미지를 준다.,50.0,땅
156,잠자기,2턴 동안 계속 잠잔다. 자신의 HP와 상태 이상을 모두 회복한다.,,에스퍼
157,스톤샤워,큰 바위를 세차게 부딪쳐서 공격한다. 상대를 풀죽게 만들 때가 있다.,75.0,바위
158,필살앞니,날카로운 앞니로 강하게 물어서 공격한다. 상대를 풀죽게 만들 때가 있다.,80.0,노말
159,각지기,몸의 각을 늘려서 더욱 각지게 하여 자신의 공격을 올린다.,,노말
160,텍스처,자신의 타입을 배운 기술 중 가장 위에 있는 기술과 같은 타입으로 바꾼다.,,노말
161,트라이어택,"3개의 광선으로 공격한다. 마비, 화상 또는 얼음 상태 중 어느 하나로 만들 때가 있다.",80.0,노말
162,분노의앞니,날카로운 앞니로 강하게 물어서 공격한다. 상대의 HP는 절반이 된다.,,노말
163,베어가르기,발톱이나 낫 등으로 상대를 베어 갈라서 공격한다. 급소에 맞기 쉽다.,70.0,노말
164,대타출동,자신의 HP를 조금 깎아서 분신을 만든다. 분신은 자신의 대타가 된다.,,노말
165,발버둥,자신의 PP가 떨어지면 발버둥 쳐 상대를 공격한다. 자신도 조금 데미지를 입는다.,50.0,노말
166,스케치,상대가 쓴 기술을 자신의 것으로 만든다. 한 번 사용하면 스케치는 사라진다.,,노말
167,트리플킥,3회 연속으로 킥을 날려 공격한다. 기술이 맞을 때마다 위력이 올라간다.,10.0,격투
168,도둑질,공격과 동시에 도구를 훔친다. 자신이 도구를 지니고 있을 경우에는 훔칠 수 없다.,60.0,악
169,거미집,끈적끈적하고 가는 실을 칭칭 휘감아 상대를 배틀에서 도망칠 수 없게 한다.,,벌레
170,마음의눈,상대의 움직임을 마음으로 읽고 다음 공격이 반드시 상대에게 명중되게 한다.,,노말
171,악몽,잠듦 상태의 상대에게 악몽을 꾸게 하여 매 턴 조금씩 HP를 떨어뜨려 간다.,,고스트
172,화염자동차,불꽃을 둘러 상대에게 돌진하여 공격한다. 화상 상태로 만들 때가 있다.,60.0,불꽃
173,코골기,자신이 잠들어있을 때 소음을 내어 공격한다. 상대를 풀죽게 만들 때가 있다.,50.0,노말
174,저주,기술을 쓰는 포켓몬이 고스트타입일 때와 그 이외의 타입일 때는 효과가 다르다.,,고스트
175,바둥바둥,바둥바둥 난동 부려서 공격한다. 자신의 HP가 적을수록 기술의 위력이 올라간다.,,노말
176,텍스처2,상대가 마지막으로 쓴 기술에 저항할 수 있도록 자신의 타입을 변화시킨다.,,노말
177,에어로블라스트,공기의 소용돌이를 발사하여 공격한다. 급소에 맞기 쉽다.,100.0,비행
178,목화포자,솜처럼 폭신폭신한 포자를 착 달라붙게 해서 상대의 스피드를 크게 떨어뜨린다.,,풀
179,기사회생,힘을 쥐어짜서 공격한다. 자신의 HP가 적을수록 기술의 위력이 올라간다.,,격투
180,원한,상대가 마지막으로 사용한 기술에 원한을 품어 그 기술의 PP를 4만큼 줄인다.,,고스트
181,눈싸라기,차가운 가랑눈을 상대에게 내뿜어 공격한다. 얼음 상태로 만들 때가 있다.,40.0,얼음
182,방어,상대의 공격을 전혀 받지 않는다. 연속으로 쓰면 실패하기 쉽다.,,노말
183,마하펀치,눈에 보이지 않는 굉장한 속도로 펀치를 날린다. 반드시 선제공격을 할 수 있다.,40.0,격투
184,겁나는얼굴,무서운 얼굴로 노려보고 겁주어 상대의 스피드를 크게 떨어뜨린다.,,노말
185,속여때리기,슬금슬금 상대에게 다가가 방심한 틈을 타서 세게 때린다. 공격은 반드시 명중한다.,60.0,악
186,천사의키스,천사처럼 귀엽게 키스하여 상대를 혼란시킨다.,,페어리
187,배북,자신의 HP를 최대 HP의 절반만큼 감소시켜 자신의 공격을 최대로 올린다.,,노말
188,오물폭탄,더러운 오물을 상대에게 내던져서 공격한다. 독 상태로 만들 때가 있다.,90.0,독
189,진흙뿌리기,상대의 얼굴 등에 진흙을 내던져서 공격한다. 명중률을 떨어뜨린다.,20.0,땅
190,대포무노포,상대의 얼굴 등에 먹물을 내뿜어 공격한다. 명중률을 떨어뜨릴 때가 있다.,65.0,물
191,압정뿌리기,상대의 발밑에 압정을 뿌린다. 교체된 상대 포켓몬에게 데미지를 준다.,,땅
192,전자포,대포처럼 전기를 발사해서 공격한다. 상대를 마비 상태로 만든다.,120.0,전기
193,꿰뚫어보기,고스트타입에 효과가 없는 기술이나 회피율이 높은 상대라 할지라도 공격이 맞게 된다.,,노말
194,길동무,기술을 쓴 뒤 공격을 받아 기절했을 때 길동무의 대상도 기절하게 한다.,,고스트
195,멸망의노래,노래를 들은 포켓몬은 3턴이 지나면 기절한다. 교체되면 효과가 없어진다.,,노말
196,얼다바람,차가운 냉기를 상대에게 내뿜어 공격한다. 상대의 스피드를 떨어뜨린다.,55.0,얼음
197,판별,상대의 공격을 전혀 받지 않는다. 연속으로 쓰면 실패하기 쉽다.,,격투
198,본러쉬,단단한 뼈로 상대를 세게 때려서 공격한다. 2-5회 동안 연속으로 쓴다.,25.0,땅
199,록온,조준을 잘 맞춰 다음 공격이 반드시 상대에게 명중하도록 한다.,,노말
200,역린,2-3턴 동안 마구 난동 부려서 공격한다. 난동 부린 뒤에는 혼란에 빠진다.,120.0,드래곤
201,모래바람,"5턴 동안 모래바람으로 바위, 땅, 강철타입 이외의 포켓몬에게 데미지를 준다.",,바위
202,기가드레인,양분을 흡수하여 공격한다. 입힌 데미지의 절반에 해당하는 HP를 회복할 수 있다.,75.0,풀
203,버티기,공격을 받아도 HP를 반드시 1만큼은 남긴다. 연속으로 쓰면 실패하기 쉽다.,,노말
204,애교부리기,귀엽게 바라보고 방심을 유도하여 상대의 공격을 크게 떨어뜨린다.,,페어리
205,구르기,5턴 동안 구르기를 반복하여 공격한다. 기술이 맞을 때마다 위력이 올라간다.,30.0,바위
206,칼등치기,상대의 HP가 반드시 1만큼 남도록 조절하여 공격한다.,40.0,노말
207,뽐내기,상대를 화내게 해서 혼란시킨다. 분노로 상대의 공격은 크게 올라가 버린다.,,노말
208,우유마시기,자신의 최대 HP 절반을 회복한다. 동료에게 HP를 나누어 줄 수도 있다.,,노말
209,스파크,전기를 둘러 상대에게 돌진하여 공격한다. 마비 상태로 만들 때가 있다.,65.0,전기
210,연속자르기,낫이나 발톱 등으로 상대를 베어 공격한다. 연속으로 맞히면 위력이 올라간다.,40.0,벌레
211,강철날개,단단한 날개를 상대에게 부딪쳐서 공격한다. 자신의 방어가 올라갈 때가 있다.,70.0,강철
212,검은눈빛,빨려 들어갈 것 같은 까만 눈빛으로 가만히 응시하여 상대를 배틀에서 도망갈 수 없게 한다.,,노말
213,헤롱헤롱,수컷은 암컷을 암컷은 수컷을 유혹하여 헤롱헤롱하게 만든다. 상대가 기술을 쓰기 어려워진다.,,노말
214,잠꼬대,자신이 배운 기술 중 하나를 무작위로 날린다. 자신이 잠들어 있을 때만 쓸 수 있다.,,노말
215,치료방울,기분 좋은 방울소리를 들려주어 같은 편 전원의 상태 이상을 회복한다.,,노말
216,은혜갚기,트레이너를 위해 전력으로 상대를 공격한다. 친밀할수록 위력이 올라간다.,,노말
217,프레젠트,덫을 설치한 상자를 상대에게 건네어 공격한다. HP가 회복돼버릴 때도 있다.,,노말
218,화풀이,불만을 풀기 위해 전력으로 상대를 공격한다. 친밀하지 않을수록 위력이 올라간다.,,노말
219,신비의부적,5턴 동안 이상한 힘으로 보호받아 상태 이상이 되지 않는다.,,노말
220,아픔나누기,자신의 HP와 상대의 HP를 합친 것을 자신과 상대가 사이좋게 나눈다.,,노말
221,성스러운불꽃,신비한 불꽃으로 상대를 태워서 공격한다. 화상 상태로 만들 때가 있다.,100.0,불꽃
222,매그니튜드,땅을 흔들어서 자신의 주위에 있는 포켓몬을 공격한다. 기술의 위력이 여러모로 바뀐다.,,땅
223,폭발펀치,혼신의 힘으로 펀치를 날려서 공격한다. 상대를 반드시 혼란시킨다.,100.0,격투
224,메가폰,단단하고 훌륭한 뿔로 마음껏 상대를 꿰찔러서 공격한다.,120.0,벌레
225,용의숨결,굉장한 숨결을 상대에게 내뿜어 공격한다. 마비 상태로 만들 때가 있다.,60.0,드래곤
226,바톤터치,교대 포켓몬과 바뀐다. 능력 변화는 바뀐 포켓몬이 그대로 이어받는다.,,노말
227,앵콜,상대가 마지막으로 사용한 기술을 3턴 동안 계속 쓰게 한다.,,노말
228,따라가때리기,상대 포켓몬이 교체될 때 기술을 쓰면 2배의 위력으로 공격할 수 있다.,40.0,악
229,고속스핀,"회전해서 상대를 공격한다. 조이기, 김밥말이, 씨뿌리기, 압정뿌리기 등도 날려버린다.",50.0,노말
230,달콤한향기,향기로 상대의 회피율을 크게 떨어뜨린다. 풀밭 등에서 쓰면 포켓몬이 다가온다.,,노말
231,아이언테일,단단한 꼬리로 상대를 힘껏 쳐서 공격한다. 상대의 방어를 떨어뜨릴 때가 있다.,100.0,강철
232,메탈크로우,강철의 발톱으로 상대를 베어 갈라 공격한다. 자신의 공격이 올라갈 때도 있다.,50.0,강철
233,받아던지기,상대보다 나중에 공격한다. 그 대신 자신의 공격은 반드시 명중한다.,70.0,격투
234,아침햇살,자신의 HP를 회복한다. 날씨에 따라 회복량이 변한다.,,노말
235,광합성,자신의 HP를 회복한다. 날씨에 따라 회복량이 변한다.,,풀
236,달의불빛,자신의 HP를 회복한다. 날씨에 따라 회복량이 변한다.,,페어리
237,잠재파워,기술을 쓴 포켓몬에 따라 기술의 타입이 바뀐다.,60.0,노말
238,크로스촙,양손으로 당수를 상대에게 힘껏 쳐서 공격한다. 급소에 맞기 쉽다.,100.0,격투
239,회오리,회오리를 일으켜 상대를 끌어들여 공격한다. 상대를 풀죽게 만들 때가 있다.,40.0,드래곤
240,비바라기,5턴 동안 비를 내리게 하여 물타입 기술의 위력을 올린다.,,물
241,쾌청,5턴 동안 햇살을 강하게 해서 불꽃타입 기술의 위력을 올린다.,,불꽃
242,깨물어부수기,날카로운 이빨로 상대를 깨물어 부숴서 공격한다. 상대의 방어를 떨어뜨릴 때가 있다.,80.0,악
243,미러코트,상대에게 받은 특수공격의 데미지를 2배로 만들어 그 상대에게 돌려준다.,,에스퍼
244,자기암시,자신에게 암시를 걸어서 능력 변화 상태를 상대와 똑같은 상태로 만든다.,,노말
245,신속,눈에 보이지 않는 굉장한 속도로 상대에게 돌진하여 공격한다. 반드시 선제공격을 할 수 있다.,80.0,노말
246,원시의힘,원시의 힘으로 공격한다. 자신의 모든 능력이 오를 때가 있다.,60.0,바위
247,섀도볼,까만 그림자의 덩어리를 내던져서 공격한다. 상대의 특수방어를 떨어뜨릴 때가 있다.,80.0,고스트
248,미래예지,기술을 사용한 2턴 뒤에 상대에게 염동력의 덩어리를 보내어 공격한다.,120.0,에스퍼
249,바위깨기,펀치로 공격한다. 상대의 방어를 떨어뜨릴 때가 있다. 바위를 깰 수도 있다.,40.0,격투
250,바다회오리,세차게 소용돌이치는 물속에 4-5턴 동안 상대를 가두어 공격한다.,35.0,물
251,집단구타,같은 편 전원이 공격한다. 동료 포켓몬이 많을수록 기술의 공격 횟수가 증가한다.,,악
252,속이다,선제공격으로 상대를 풀죽게 한다. 배틀에 나가서 바로 쓰지 않으면 성공할 수 없다.,40.0,노말
253,소란피기,3턴 동안 소란 피워 공격한다. 그 동안은 아무도 잠들지 않게 된다.,90.0,노말
254,비축하기,힘을 비축해서 자신의 방어와 특수방어를 올린다. 최대 3회까지 비축할 수 있다.,,노말
255,토해내기,비축된 힘을 상대에게 부딪쳐서 공격한다. 비축된 만큼 위력이 올라간다.,,노말
256,꿀꺽,비축된 힘을 꿀꺽해서 자신의 HP를 회복한다. 비축된 만큼 회복한다.,,노말
257,열풍,뜨거운 숨결을 상대에게 내뿜어 공격한다. 화상 상태로 만들 때가 있다.,95.0,불꽃
258,싸라기눈,5턴 동안 싸라기눈을 내리게 해 얼음타입이 아닌 포켓몬 모두에게 데미지를 준다.,,얼음
259,트집,상대에게 트집을 잡아서 똑같은 기술을 2회 연속으로 쓸 수 없게 한다.,,악
260,부추기기,상대를 부추겨서 혼란시킨다. 동시에 상대의 특수공격도 올라가 버린다.,,악
261,도깨비불,으스스하고 괴상한 불꽃을 쏘아 상대를 화상 상태로 만든다.,,불꽃
262,추억의선물,자신은 기절하게 되지만 그 대신 상대의 공격과 특수공격을 크게 떨어뜨린다.,,악
263,객기,"자신이 독, 마비, 화상 상태일 때 날리면 기술의 위력이 2배가 된다.",70.0,노말
264,힘껏펀치,정신력을 높여 펀치를 날린다. 기술을 쓰기 전에 공격을 받으면 실패한다.,150.0,격투
265,정신차리기,마비 상태의 상대에게는 위력이 2배가 되지만 대신 상대의 마비가 풀린다.,70.0,노말
266,날따름,자신에게 주목시켜 상대로부터의 공격을 모두 자신에게 향하게 한다.,,노말
267,자연의힘,자연의 힘으로 공격한다. 사용하는 장소에 따라 나오는 기술이 변화한다.,,노말
268,충전,다음 턴에 쓸 전기타입 기술의 위력을 올린다. 자신의 특수방어도 올라간다.,,전기
269,도발,상대를 화나게 한다. 3턴 동안 상대는 데미지를 주는 기술밖에 쓸 수 없게 된다.,,악
270,도우미,동료를 돕는다. 도움받은 포켓몬이 쓰는 기술의 위력은 여느 때보다 커진다.,,노말
271,트릭,상대의 빈틈을 노려 자신과 상대가 지닌 물건을 교환한다.,,에스퍼
272,역할,상대의 역할을 하여 자신도 상대와 같은 특성으로 변화한다.,,에스퍼
273,희망사항,다음 턴에 자신의 HP를 최대 HP의 절반만큼 회복한다.,,노말
274,조수,서둘러서 같은 편의 도움을 받아 교대 포켓몬이 기억하고 있는 기술 중 하나를 쓴다.,,노말
275,뿌리박기,대지에 뿌리를 박아 매 턴마다 자신의 HP를 회복한다. 뿌리 박고 있으므로 교체할 수 없다.,,풀
276,엄청난힘,엄청난 힘을 발휘하여 상대를 공격한다. 자신의 공격과 방어가 떨어진다.,120.0,격투
277,매직코트,상대가 상태 이상이 되는 기술이나 씨뿌리기 등을 썼을 때 되받아친다.,,에스퍼
278,리사이클,배틀 중에 사용하여 없어진 자신의 지닌 물건을 재생시켜 사용할 수 있게 한다.,,노말
279,리벤지,상대에게 기술을 받으면 그 상대에게 주는 데미지가 2배가 된다.,60.0,격투
280,깨트리다,수도로 기세 좋게 내려쳐서 상대를 공격한다. 빛의장막이나 리플렉터도 파괴할 수 있다.,75.0,격투
281,하품,큰 하품으로 졸음을 유도한다. 다음 턴에 상대를 잠듦 상태로 만든다.,,노말
282,탁쳐서떨구기,상대의 지닌 물건을 탁 쳐서 떨어뜨려 배틀이 끝날 때까지 사용할 수 없게 한다. 물건을 가진 상대에게는 데미지를 더 준다.,65.0,악
283,죽기살기,상대의 HP가 자신의 HP와 같아지도록 데미지를 준다.,,노말
284,분화,분노를 폭발시켜 상대를 공격한다. 자신의 HP가 적을수록 기술의 위력이 떨어진다.,150.0,불꽃
285,스킬스웹,초능력으로 자신의 특성과 상대의 특성을 바꾼다.,,에스퍼
286,봉인,상대가 자신과 같은 기술을 기억하고 있으면 상대만 그 기술을 사용할 수 없게 한다.,,에스퍼
287,리프레쉬,"몸을 쉬게 하여 자신이 입은 독, 마비, 화상의 상태 이상을 치료한다.",,노말
288,원념,상대의 기술로 기절하면 원념을 담아 그 기술의 PP를 0으로 만든다.,,고스트
289,가로챔,상대가 사용하려고 한 회복 기술이나 능력 변화의 기술을 빼앗아 자신에게 쓴다.,,악
290,비밀의힘,비밀의 힘으로 상대를 공격한다. 사용 장소에 따라 추가 효과가 변화한다.,70.0,노말
291,다이빙,1턴째에 잠수했다가 2턴째에 떠올라 공격한다.,80.0,물
292,손바닥치기,펼친 양손으로 상대를 번갈아 쳐서 공격한다. 2-5회 동안 연속으로 쓴다.,15.0,격투
293,보호색,"물가나 풀밭, 동굴 등 있는 장소에 맞춰서 자신의 타입을 바꾼다.",,노말
294,반딧불,깜빡거리는 빛을 바라보고 자신의 정신을 통일하여 특수공격을 매우 크게 올린다.,,벌레
295,라스트버지,눈부신 빛을 발산하여 공격한다. 상대의 특수방어를 떨어뜨릴 때가 있다.,95.0,에스퍼
296,미스트볼,안개의 깃털로 둘러싸 공격한다. 상대의 특수공격을 떨어뜨릴 때가 있다.,95.0,에스퍼
297,깃털댄스,깃털을 흩뿌려 상대의 몸에 휘감는다. 상대의 공격을 크게 떨어뜨린다.,,비행
298,흔들흔들댄스,흔들흔들 댄스를 춰서 주위에 있는 포켓몬을 혼란 상태로 만든다.,,노말
299,브레이즈킥,공격한 상대를 화상 상태로 만들 때가 있다. 급소에도 맞기 쉽다.,85.0,불꽃
300,흙놀이,주위를 진흙투성이로 만든다. 5턴 동안 전기타입의 기술을 약하게 한다.,,땅
301,아이스볼,5턴 동안 구르기를 반복하여 상대를 공격한다. 기술이 맞을 때마다 위력이 올라간다.,30.0,얼음
302,바늘팔,바늘팔을 세차게 흔들어 공격한다. 상대를 풀죽게 만들 때가 있다.,60.0,풀
303,태만함,게으름 피우며 쉰다. 자신의 HP를 최대 HP의 절반만큼 회복한다.,,노말
304,하이퍼보이스,시끄럽게 울려서 큰 진동을 상대에게 전달하여 공격한다.,90.0,노말
305,독엄니,독이 있는 이빨로 상대를 물어서 공격한다. 맹독을 주입할 때가 있다.,50.0,독
306,브레이크크루,단단하고 날카로운 손톱으로 베어 갈라서 공격한다. 상대의 방어를 떨어뜨릴 때가 있다.,75.0,노말
307,블러스트번,폭발하는 불꽃으로 상대를 태워서 공격한다. 다음 턴은 움직일 수 없다.,150.0,불꽃
308,하이드로캐논,물의 대포를 상대에게 발사해서 공격한다. 다음 턴은 움직일 수 없다.,150.0,물
309,코멧펀치,혜성과 같은 펀치를 날려서 상대를 공격한다. 자신의 공격이 올라갈 때가 있다.,90.0,강철
310,놀래키기,큰 소리 등으로 불시에 놀래켜서 공격한다. 상대를 풀죽게 만들 때가 있다.,30.0,고스트
311,웨더볼,사용했을 때의 날씨에 따라서 기술 타입과 위력이 바뀐다.,50.0,노말
312,아로마테라피,기분 좋은 평온한 향기를 맡게 하여 같은 편 모두의 상태 이상을 회복한다.,,풀
313,거짓울음,우는 척을 하며 눈물을 흘린다. 난처하게 만들어 상대의 특수방어를 크게 떨어뜨린다.,,악
314,에어컷터,날카로운 바람으로 상대를 베어 공격한다. 급소에 맞기 쉽다.,60.0,비행
315,오버히트,풀 파워로 상대를 공격한다. 쓰면 반동으로 자신의 특수공격이 크게 떨어진다.,130.0,불꽃
316,냄새구별,고스트타입에 효과가 없는 기술이나 회피율이 높은 상대라 할지라도 공격이 맞게 된다.,,노말
317,암석봉인,암석을 내던져서 공격한다. 상대의 움직임을 봉인함으로써 스피드를 떨어뜨린다.,60.0,바위
318,은빛바람,바람에 날개 가루를 날려서 상대를 공격한다. 자신의 모든 능력이 올라갈 때가 있다.,60.0,벌레
319,금속음,금속을 긁을 때 나는 듯한 싫은 소리를 들려준다. 상대의 특수방어를 크게 떨어뜨린다.,,강철
320,풀피리,기분 좋은 피리 소리를 들려주어 상대를 잠듦 상태로 만든다.,,풀
321,간지르기,몸을 간질여 웃게 만들어서 상대의 공격과 방어를 떨어뜨린다.,,노말
322,코스믹파워,우주로부터 신비한 힘을 손에 넣음으로써 자신의 방어와 특수방어를 올린다.,,에스퍼
323,해수스파우팅,바닷물을 내뿜어 공격한다. 자신의 HP가 적을수록 기술의 위력이 떨어진다.,150.0,물
324,시그널빔,이상한 빛을 발사해서 공격한다. 상대를 혼란시킬 때가 있다.,75.0,벌레
325,섀도펀치,그림자에 섞여 펀치를 날린다. 공격은 반드시 명중한다.,60.0,고스트
326,신통력,보이지 않는 이상한 힘을 보내어 공격한다. 상대를 풀죽게 만들 때가 있다.,80.0,에스퍼
327,스카이업퍼,하늘을 향하는 듯한 높은 업퍼로 상대를 밀어올려 공격한다.,85.0,격투
328,모래지옥,세차게 불어대는 모래바람 속에 4-5턴 동안 상대를 가두어 공격한다.,35.0,땅
329,절대영도,절대영도의 추위로 상대를 공격한다. 맞으면 일격에 기절한다.,,얼음
330,탁류,탁해진 물을 상대에게 발사하여 공격한다. 명중률을 떨어뜨릴 때가 있다.,90.0,물
331,기관총,씨앗을 기세 좋게 상대에게 발사하여 공격한다. 2-5회 동안 연속으로 쓴다.,25.0,풀
332,제비반환,재빠른 움직임으로 상대를 농락해 벤다. 공격은 반드시 명중한다.,60.0,비행
333,고드름침,날카로운 고드름을 상대에게 발사하여 공격한다. 2-5회 동안 연속으로 쓴다.,25.0,얼음
334,철벽,피부를 쇠처럼 단단하게 함으로써 자신의 방어를 크게 올린다.,,강철
335,블록,양팔을 벌려 막아서서 상대의 도주로를 가로막아 도망칠 수 없게 한다.,,노말
336,멀리짖음,큰 소리로 짖고 기합을 높여 자신의 공격을 올린다.,,노말
337,드래곤크루,날카롭고 뾰족한 거대한 발톱으로 상대를 베어 갈라서 공격한다.,80.0,드래곤
338,하드플랜트,큰 나무로 상대를 힘껏 쳐서 공격한다. 다음 턴은 움직일 수 없게 된다.,150.0,풀
339,벌크업,몸에 힘을 담아 근육을 두껍게 해서 자신의 공격과 방어를 올린다.,,격투
340,뛰어오르다,하늘 높이 뛰어올라 2턴째에 상대를 공격한다. 마비 상태로 만들 때가 있다.,85.0,비행
341,머드숏,진흙 덩어리를 상대에게 내던져서 공격한다. 동시에 상대의 스피드를 떨어뜨린다.,55.0,땅
342,포이즌테일,꼬리로 때린다. 독 상태로 만들 때가 있고 급소에도 맞기 쉽다.,50.0,독
343,탐내다,귀엽게 애교부리며 상대에게 다가가 지니고 있는 도구를 뺏는다.,60.0,노말
344,볼트태클,전기를 한데 모아 돌진한다. 자신도 상당한 데미지를 입는다. 마비 상태로 만들 때가 있다.,120.0,전기
345,메지컬리프,상대를 추적하는 이상한 잎사귀를 흩뿌린다. 공격은 반드시 명중한다.,60.0,풀
346,물놀이,주위를 물로 흠뻑 젖게 만든다. 5턴 동안 불꽃타입의 기술을 약하게 한다.,,물
347,명상,조용히 정신을 통일하고 마음을 가라앉혀서 자신의 특수공격과 특수방어를 올린다.,,에스퍼
348,리프블레이드,잎사귀를 칼처럼 이용해 상대를 베어 공격한다. 급소에 맞기 쉽다.,90.0,풀
349,용의춤,신비롭고 힘센 춤을 격렬하게 춘다. 자신의 공격과 스피드를 올린다.,,드래곤
350,락블레스트,단단한 암석을 상대에게 발사하여 공격한다. 2-5회 동안 연속으로 쓴다.,25.0,바위
351,전격파,전격을 재빠르게 상대에게 날린다. 공격은 반드시 명중한다.,60.0,전기
352,물의파동,물의 진동을 상대에게 가하여 공격한다. 상대를 혼란시킬 때가 있다.,60.0,물
353,파멸의소원,기술을 사용한 2턴 뒤에 무수한 빛의 다발이 상대를 공격한다.,140.0,강철
354,사이코부스트,풀 파워로 상대를 공격한다. 쓰면 반동으로 자신의 특수공격이 크게 떨어진다.,140.0,에스퍼
355,날개쉬기,땅에 내려와 몸을 쉬게 한다. 최대 HP의 절반만큼 HP를 회복한다.,,비행
356,중력,5턴 동안 중력을 강하게 해서 부유나 하늘을 나는 기술을 사용할 수 없게 한다.,,에스퍼
357,미라클아이,악타입에 효과가 없는 기술이나 회피율이 높은 상대라 할지라도 공격이 맞게 된다.,,에스퍼
358,잠깨움뺨치기,잠듦 상태의 상대에게 큰 데미지를 준다. 대신 상대는 잠에서 깬다.,70.0,격투
359,암해머,강하고 무거운 주먹을 휘둘러 데미지를 준다. 자신의 스피드가 떨어진다.,100.0,격투
360,자이로볼,몸을 고속으로 회전시켜 몸통박치기한다. 상대보다 스피드가 낮을수록 위력은 올라간다.,,강철
361,치유소원,자신은 기절하지만 교대하여 나오는 포켓몬의 상태 이상과 HP를 회복한다.,,에스퍼
362,소금물,상대가 HP의 절반 정도 상처를 입고 있으면 기술의 위력이 2배가 된다.,65.0,물
363,자연의은혜,나무열매에서 힘을 얻어 공격한다. 지니게 한 나무열매에 따라 기술의 타입과 위력이 바뀐다.,,노말
364,페인트,방어나 판별을 하고 있는 상대에게 공격할 수 있다. 방어 효과를 해제시킨다.,30.0,노말
365,쪼아대기,부리로 공격한다. 상대가 나무열매를 지니고 있을 때 먹어서 나무열매의 효과를 받을 수 있다.,60.0,비행
366,순풍,세차게 불어대는 바람의 소용돌이를 만들어 4턴 동안 같은 편 모두의 스피드를 올린다.,,비행
367,경혈찌르기,경혈을 눌러 몸을 활성화시킨다. 능력 중 하나를 크게 올린다.,,노말
368,메탈버스트,기술을 쓰기 전에 마지막으로 받은 기술의 데미지를 늘려서 기술을 쓴 상대에게 돌려준다.,,강철
369,유턴,공격한 뒤 굉장한 스피드로 돌아와서 교대 포켓몬과 교체한다.,70.0,벌레
370,인파이트,방어를 포기하고 상대 깊숙이 돌격한다. 자신의 방어와 특수방어가 떨어진다.,120.0,격투
371,보복,모아서 공격한다. 상대보다 뒤에 공격할 수 있으면 기술의 위력은 2배가 된다.,50.0,악
372,승부굳히기,그 턴에 상대가 이미 데미지를 입었다면 기술의 위력은 2배가 된다.,60.0,악
373,금제,지니게 한 도구를 쓸 수 없게 한다. 트레이너도 그 포켓몬에게는 도구를 쓸 수 없다.,,악
374,내던지기,지니게 한 도구를 재빠르게 내던져서 공격한다. 도구에 따라 위력과 효과가 바뀐다.,,악
375,사이코시프트,초능력으로 암시를 걸어서 자신에게 걸려 있는 상태 이상을 상대에게 옮긴다.,,에스퍼
376,마지막수단,마지막수단의 남은 PP가 적으면 적을수록 기술의 위력이 올라간다.,,노말
377,회복봉인,"5턴 동안 기술이나 특성, 지니고 있는 도구에 의한 HP 회복을 할 수 없게 한다.",,에스퍼
378,쥐어짜기,강하게 조여 공격을 한다. 상대의 HP가 많이 남아 있을수록 위력이 올라간다.,,노말
379,파워트릭,초능력으로 자신의 공격과 방어의 힘을 교환한다.,,에스퍼
380,위액,상대의 몸에 위액을 내뱉는다. 달라붙은 위액은 상대의 특성 효과를 지운다.,,독
381,주술,하늘을 향해 기도를 올려 상대의 공격을 급소에 맞지 않게 한다.,,노말
382,선취,위력을 올려 상대가 쓰려고 하는 기술을 먼저 쓴다. 먼저 쓰지 않으면 실패한다.,,노말
383,흉내쟁이,직전에 나온 기술을 흉내 내어 같은 기술을 쓴다. 기술이 나오지 않았으면 실패한다.,,노말
384,파워스웹,초능력으로 자신과 상대의 공격과 특수공격의 능력 변화를 교체한다.,,에스퍼
385,가드스웹,초능력으로 자신과 상대의 방어와 특수방어의 능력 변화를 교체한다.,,에스퍼
386,혼내기,능력 변화로 상대가 파워업한 만큼 기술의 위력이 올라간다.,,악
387,뒀다쓰기,배틀 중에 기억하고 있는 기술을 모두 사용하면 그때부터 쓸 수 있는 필살기이다.,140.0,노말
388,고민씨,마음을 괴롭히는 씨앗을 심는다. 상대를 잠잘 수 없게 해서 특성을 불면으로 만든다.,,풀
389,기습,상대보다 먼저 공격할 수 있다. 상대가 쓴 기술이 공격기술이 아니면 실패한다.,70.0,악
390,독압정,상대의 발밑에 독압정을 뿌린다. 교체로 나온 상대 포켓몬에 독을 덮어씌운다.,,독
391,하트스웹,초능력으로 자신과 상대에 걸려있는 능력 변화를 교체한다.,,에스퍼
392,아쿠아링,자신의 몸 주변을 물로 만든 베일로 덮는다. 매 턴 HP를 회복한다.,,물
393,전자부유,전기로 만든 자력의 힘으로 허공에 뜬다. 5턴 동안 부유할 수 있다.,,전기
394,플레어드라이브,불꽃을 두르고 돌진한다. 자신도 상당한 데미지를 입는다. 화상 상태로 만들 때가 있다.,120.0,불꽃
395,발경,상대의 몸에 충격파를 부딪쳐 공격한다. 마비 상태로 만들 때가 있다.,60.0,격투
396,파동탄,몸속에서 파동의 힘을 끌어내 쏜다. 공격은 반드시 명중한다.,80.0,격투
397,록커트,자신의 몸을 갈아 공기의 저항을 적게 한다. 스피드를 크게 올릴 수 있다.,,바위
398,독찌르기,독에 물든 촉수나 팔로 상대를 꿰찌른다. 독 상태로 만들 때가 있다.,80.0,독
399,악의파동,몸에서 악의로 가득한 무서운 오라를 발한다. 상대를 풀죽게 만들 때가 있다.,80.0,악
400,깜짝베기,순간적으로 틈을 노려 상대를 베어 버린다. 급소에 맞기 쉽다.,70.0,악
401,아쿠아테일,세차게 날뛰는 거친 파도와 같이 큰 꼬리를 흔들어서 상대를 공격한다.,90.0,물
402,씨폭탄,단단한 껍질을 가지고 있는 큰 씨앗을 힘껏 내던져 상대를 공격한다.,80.0,풀
403,에어슬래시,하늘까지 베어 가르는 공기의 칼날로 공격한다. 상대를 풀죽게 만들 때가 있다.,75.0,비행
404,시저크로스,낫이나 발톱을 가위처럼 교차시키면서 상대를 베어 가른다.,80.0,벌레
405,벌레의야단법석,날개의 진동으로 음파를 일으켜서 공격한다. 상대의 특수방어를 떨어뜨릴 때가 있다.,90.0,벌레
406,용의파동,큰 입으로 충격파를 일으켜서 상대를 공격한다.,85.0,드래곤
407,드래곤다이브,굉장한 살기로 위압하면서 몸통박치기한다. 상대를 풀죽게 만들 때가 있다.,100.0,드래곤
408,파워젬,보석처럼 반짝이는 빛을 발사하여 상대를 공격한다.,80.0,바위
409,드레인펀치,주먹으로 상대의 힘을 흡수한다. 입힌 데미지의 절반에 해당하는 HP를 회복할 수 있다.,75.0,격투
410,진공파,주먹을 흔들어 진공의 파도를 일으킨다. 반드시 선제공격을 할 수 있다.,40.0,격투
411,기합구슬,기합을 높여서 혼신의 힘을 방출한다. 상대의 특수방어를 떨어뜨릴 때가 있다.,120.0,격투
412,에너지볼,자연으로부터 모은 생명의 힘을 발사한다. 상대의 특수방어를 떨어뜨릴 때가 있다.,90.0,풀
413,브레이브버드,날개를 접어 저공비행으로 돌격한다. 자신도 상당한 데미지를 입는다.,120.0,비행
414,대지의힘,상대의 발밑에 대지의 힘을 방출한다. 상대의 특수방어를 떨어뜨릴 때가 있다.,90.0,땅
415,바꿔치기,눈에 보이지 않는 속도로 자신과 상대가 지닌 물건을 교환한다.,,악
416,기가임팩트,가진 힘을 모두 사용해서 상대에게 돌격한다. 다음 턴은 움직일 수 없다.,150.0,노말
417,나쁜음모,나쁜 일을 생각해서 머리를 활성화시킨다. 자신의 특수공격을 크게 올린다.,,악
418,불릿펀치,탄환처럼 빠르고 단단한 펀치를 상대에게 날린다. 반드시 선제공격을 할 수 있다.,40.0,강철
419,눈사태,상대로부터 기술을 받으면 그 상대에 대해서 기술의 위력이 2배가 된다.,60.0,얼음
420,얼음뭉치,얼음 덩어리를 순식간에 만들어 상대에게 빠르게 쏜다. 반드시 선제공격을 할 수 있다.,40.0,얼음
421,섀도크루,그림자로 만든 날카로운 발톱으로 상대를 베어 가른다. 급소에 맞기 쉽다.,70.0,고스트
422,번개엄니,전기를 모은 이빨로 문다. 상대를 풀죽게 하거나 마비 상태로 만들 때가 있다.,65.0,전기
423,얼음엄니,냉기를 품은 이빨로 문다. 상대를 풀죽게 하거나 얼음 상태로 만들 때가 있다.,65.0,얼음
424,불꽃엄니,불꽃을 두른 이빨로 문다. 상대를 풀죽게 하거나 화상 상태로 만들 때가 있다.,65.0,불꽃
425,야습,그림자를 늘려 상대의 배후에서 공격한다. 반드시 선제공격할 수 있다.,40.0,고스트
426,진흙폭탄,단단한 진흙구슬을 상대에게 발사하여 공격한다. 명중률을 떨어뜨릴 때가 있다.,65.0,땅
427,사이코커터,실체화시킨 마음의 칼날로 상대를 베어 가른다. 급소에 맞기 쉽다.,70.0,에스퍼
428,사념의박치기,사념의 힘을 이마에 모아서 공격한다. 상대를 풀죽게 만들 때가 있다.,80.0,에스퍼
429,미러숏,갈고 닦은 몸에서 섬광의 힘을 상대에게 쏜다. 명중률을 떨어뜨릴 때가 있다.,65.0,강철
430,러스터캐논,몸의 빛을 한곳에 모아서 힘을 쏜다. 상대의 특수방어를 떨어뜨릴 때가 있다.,80.0,강철
431,락클라임,굉장한 기세로 상대에게 돌진하여 공격한다. 상대를 혼란시킬 때가 있다.,90.0,노말
432,안개제거,강한 바람으로 상대의 리플렉터나 빛의장막 등을 제거한다. 회피율도 떨어뜨린다.,,비행
433,트릭룸,이상한 공간을 만든다. 5턴 동안 느린 포켓몬부터 행동할 수 있다.,,에스퍼
434,용성군,천공에서 운석을 상대에게 떨어뜨린다. 사용하면 반동으로 자신의 특수공격이 크게 떨어진다.,130.0,드래곤
435,방전,눈부신 전격으로 자신의 주위에 있는 포켓몬을 공격한다. 마비 상태로 만들 때가 있다.,80.0,전기
436,분연,새빨간 불꽃으로 자신의 주위에 있는 포켓몬을 공격한다. 화상 상태로 만들 때가 있다.,80.0,불꽃
437,리프스톰,뾰족한 잎사귀로 상대에게 바람을 일으킨다. 사용하면 반동으로 자신의 특수공격이 크게 떨어진다.,130.0,풀
438,파워휩,덩굴이나 촉수를 세차게 흔들어 상대를 힘껏 쳐서 공격한다.,120.0,풀
439,암석포,거대한 바위를 상대에게 발사하여 공격한다. 다음 턴은 움직일 수 없게 된다.,150.0,바위
440,크로스포이즌,독 칼날로 상대를 베어 가른다. 독 상태로 만들 때가 있고 급소에도 맞기 쉽다.,70.0,독
441,더스트슈트,더러운 쓰레기를 상대에게 부딪쳐서 공격한다. 독 상태로 만들 때가 있다.,120.0,독
442,아이언헤드,강철과 같은 단단한 머리로 공격한다. 상대를 풀죽게 만들 때가 있다.,80.0,강철
443,마그넷봄,상대에게 달라붙는 강철의 폭탄을 발사한다. 공격은 반드시 명중한다.,60.0,강철
444,스톤에지,뾰족한 바위를 상대에게 꿰찔러서 공격한다. 급소에 맞기 쉽다.,100.0,바위
445,유혹,수컷은 암컷을 암컷은 수컷을 유혹하여 상대의 특수공격을 크게 떨어뜨린다.,,노말
446,스텔스록,상대의 주위에 무수한 바위를 띄워 교체해서 나온 상대 포켓몬에게 데미지를 준다.,,바위
447,풀묶기,풀을 휘감아서 상대를 쓰러뜨린다. 상대가 무거울수록 위력이 올라간다.,,풀
448,수다,기억한 말로 음파를 일으켜서 공격한다. 상대를 혼란시킨다.,65.0,비행
449,심판의뭉치,무수한 광탄을 상대에게 방출한다. 자신이 가지고 있는 플레이트에 따라 타입이 바뀐다.,100.0,노말
450,벌레먹음,물어서 공격한다. 상대가 나무열매를 지니고 있을 때 먹어서 나무열매의 효과를 받을 수 있다.,60.0,벌레
451,차지빔,전격의 다발을 상대에게 발사한다. 전기를 모아서 자신의 특수공격을 올릴 때가 있다.,50.0,전기
452,우드해머,단단한 몸통을 상대에게 부딪쳐서 공격한다. 자신도 상당한 데미지를 입는다.,120.0,풀
453,아쿠아제트,눈에 보이지 않는 굉장한 속도로 상대에게 돌진한다. 반드시 선제공격할 수 있다.,40.0,물
454,공격지령,부하를 불러내어 상대를 향해서 공격시킨다. 급소에 맞기 쉽다.,90.0,벌레
455,방어지령,부하를 불러내어 자신의 몸을 뒤덮게 한다. 방어와 특수방어를 올릴 수 있다.,,벌레
456,회복지령,부하를 불러내어 상처를 회복한다. 최대 HP의 절반만큼 자신의 HP를 회복한다.,,벌레
457,양날박치기,목숨을 걸고 혼신의 힘으로 상대에게 박치기를 한다. 자신도 굉장한 데미지를 입는다.,150.0,바위
458,더블어택,꼬리 등을 써서 상대를 때려 공격한다. 2회 연속으로 데미지를 준다.,35.0,노말
459,시간의포효,시간이 뒤틀릴 정도의 힘을 사용해서 상대를 공격한다. 다음 턴은 움직일 수 없다.,150.0,드래곤
460,공간절단,주위의 공간과 더불어 상대를 찢어서 데미지를 준다. 급소에 맞기 쉽다.,100.0,드래곤
461,초승달춤,자신은 기절하지만 교대하여 나오는 포켓몬의 모든 상태를 회복한다.,,에스퍼
462,묵사발,굉장한 힘으로 상대를 묵사발로 만든다. 상대의 HP가 남아 있을수록 위력이 올라간다.,,노말
463,마그마스톰,세차게 타오르는 불꽃 속에 4-5턴 동안 상대를 가두어 공격한다.,100.0,불꽃
464,다크홀,암흑의 세계로 끌고 가서 떨어뜨려 상대를 잠듦 상태로 만든다.,,악
465,시드플레어,몸속에서 충격파를 발생시킨다. 상대의 특수방어를 크게 떨어뜨릴 때가 있다.,120.0,풀
466,괴상한바람,소름이 끼칠 만한 돌풍으로 상대를 공격한다. 자신의 모든 능력이 올라갈 때가 있다.,60.0,고스트
467,섀도다이브,1턴째에 모습을 감춰 2턴째에 상대를 공격한다. 방어하고 있어도 공격은 맞는다.,120.0,고스트
468,손톱갈기,손톱을 갈아 날카롭게 한다. 자신의 공격과 명중률을 올린다.,,악
469,와이드가드,같은 편 전원에게 향하는 공격을 1턴 동안 막는다. ,,바위
470,가드셰어,초능력으로 자신과 상대의 방어와 특수방어를 더해서 반으로 나눈다.,,에스퍼
471,파워셰어,초능력으로 자신과 상대의 공격과 특수공격을 더해서 반으로 나눈다.,,에스퍼
472,원더룸,이상한 공간을 만든다. 5턴 동안 모든 포켓몬의 방어와 특수방어가 바뀐다.,,에스퍼
473,사이코쇼크,이상한 염력파를 실체화하여 상대를 공격한다. 물리적인 데미지를 준다.,80.0,에스퍼
474,베놈쇼크,특수한 독액을 끼얹는다. 독 상태의 상대에게는 위력이 2배가 된다.,65.0,독
475,바디퍼지,몸의 쓸모없는 부분을 깎는다. 자신의 스피드를 크게 올리고 체중도 가벼워진다.,,강철
476,분노가루,안절부절못하게 하는 가루를 자신에게 뿌려서 주의를 끈다. 상대의 공격은 모두 자신에게 향한다.,,벌레
477,텔레키네시스,초능력으로 상대를 띄운다. 3턴 동안 공격이 상대에게 맞기 쉬워진다.,,에스퍼
478,매직룸,이상한 공간을 만든다. 5턴 동안 모든 포켓몬의 도구의 효과가 사라진다.,,에스퍼
479,떨어뜨리기,돌이나 구슬을 던져서 날고 있는 상대를 공격한다. 맞은 상대는 땅에 떨어진다.,50.0,바위
480,업어후리기,강렬한 일격을 상대에게 날린다. 공격은 반드시 급소에 맞는다.,60.0,격투
481,불꽃튀기기,맞으면 튀는 불꽃으로 상대를 공격한다. 튕긴 불꽃은 옆의 상대에게도 쏟아진다.,70.0,불꽃
482,오물웨이브,오물 파도로 자신의 주위에 있는 포켓몬을 공격한다. 독 상태로 만들 때가 있다.,95.0,독
483,나비춤,신비롭고 아름다운 춤을 경쾌하게 춘다. 자신의 특수공격과 특수방어와 스피드를 올린다.,,벌레
484,헤비봄버,무거운 몸으로 상대에게 부딪쳐 공격한다. 자신이 상대보다 무거울수록 위력이 올라간다.,,강철
485,싱크로노이즈,이상한 전파로 주위에 있는 자신과 같은 타입의 포켓몬에게 데미지를 준다.,120.0,에스퍼
486,일렉트릭볼,전기 덩어리를 상대에게 부딪쳐서 공격한다. 상대보다 스피드가 빠를수록 위력이 올라간다.,,전기
487,물붓기,많은 물을 끼얹어서 상대를 물타입으로 바꾼다.,,물
488,니트로차지,불꽃을 둘러 상대를 공격한다. 힘을 모아서 자신의 스피드를 올린다.,50.0,불꽃
489,똬리틀기,똬리를 틀어서 집중한다. 자신의 공격과 방어와 명중률을 올린다.,,독
490,로킥,재빠른 움직임으로 상대의 다리를 노려 공격한다. 상대의 스피드를 떨어뜨린다.,65.0,격투
491,애시드봄,상대를 녹이는 액체를 토해내서 공격한다. 상대의 특수방어를 크게 떨어뜨린다.,40.0,독
492,속임수,상대의 힘을 이용한다. 싸우고 있는 상대의 공격이 높을수록 데미지가 올라간다.,95.0,악
493,심플빔,수수께끼의 염력파를 상대에게 보낸다. 염력파를 받은 상대는 특성이 단순으로 바뀐다.,,노말
494,동료만들기,이상한 리듬으로 춤춘다. 움직임을 흉내 내게 해서 자신과 상대의 특성을 똑같게 만든다.,,노말
495,당신먼저,상대의 행동을 도와서 자신이 행동한 뒤에 바로 움직일 수 있도록 한다.,,노말
496,돌림노래,노래로 상대를 공격한다. 함께 돌림노래를 하면 계속해서 쓸 수 있고 위력도 올라간다.,60.0,노말
497,에코보이스,울리는 목소리로 상대를 공격한다. 매 턴 누군가 기술을 계속해서 쓰면 위력이 올라간다.,40.0,노말
498,야금야금,틈을 보며 착실하게 공격한다. 상대의 능력 변화에 관계없이 데미지를 준다.,70.0,노말
499,클리어스모그,특수한 진흙 덩어리를 상대에게 내던져서 공격한다. 능력 변화를 원래대로 돌린다.,50.0,독
500,어시스트파워,축적된 파워로 상대를 공격한다. 자신의 능력이 올라가 있는 만큼 위력이 오른다.,20.0,에스퍼
501,퍼스트가드,자신과 같은 편을 상대의 선제공격으로부터 지킨다. ,,격투
502,사이드체인지,이상한 힘으로 순간이동하여 자신과 같은 편이 있는 장소를 바꾼다.,,에스퍼
503,열탕,뜨겁게 끓어오르는 물을 상대에게 발사해서 공격한다. 화상 상태로 만들 때가 있다.,80.0,물
504,껍질깨기,"껍질을 깨서 자신의 방어와 특수방어를 떨어뜨리지만 공격과 특수공격, 스피드를 크게 올린다.",,노말
505,치유파동,치유파동을 날려서 최대 HP의 절반만큼 상대의 HP를 회복한다.,,에스퍼
506,병상첨병,엎친 데 덮친 격으로 공격한다. 상태 이상인 상대에게 큰 데미지를 준다.,65.0,고스트
507,프리폴,1턴째에 상대를 하늘로 끌고 가서 2턴째에 떨어뜨려 공격한다. 끌려간 상대는 움직일 수 없다.,60.0,비행
508,기어체인지,톱니바퀴를 돌려서 자신의 공격을 올리는 것뿐만 아니라 스피드도 크게 올린다.,,강철
509,배대뒤치기,상대를 내던져서 교대할 포켓몬을 끌어낸다. 야생의 경우에는 배틀이 끝난다.,60.0,격투
510,불태우기,불꽃으로 상대를 공격한다. 상대가 나무열매 등을 지니고 있을 때 불태워서 쓸 수 없게 만든다.,60.0,불꽃
511,순서미루기,상대를 억눌러서 행동의 순서를 마지막으로 만든다.,,악
512,애크러뱃,경쾌하게 상대를 공격한다. 자신이 도구를 지니고 있지 않을 때 큰 데미지를 준다.,55.0,비행
513,미러타입,상대의 타입을 반사해서 자신도 똑같은 타입이 된다.,,노말
514,원수갚기,쓰러진 같은 편의 원수를 갚는다. 앞 턴에서 같은 편이 쓰러졌다면 위력이 올라간다.,70.0,노말
515,목숨걸기,목숨을 걸고 상대를 공격한다. 자신은 기절하게 되지만 상대에게 HP만큼의 데미지를 준다.,,격투
516,기프트패스,상대가 도구를 지니고 있지 않을 때 자신이 지니고 있는 도구를 상대에게 건넨다.,,노말
517,연옥,격렬한 불꽃으로 상대를 둘러싸 공격한다. 화상 상태로 만든다.,100.0,불꽃
518,물의맹세,물기둥으로 공격한다. 불꽃과 조합하면 위력이 올라가고 하늘에 무지개가 걸린다.,80.0,물
519,불꽃의맹세,불꽃기둥으로 공격한다. 풀과 조합하면 위력이 올라가고 주위가 불바다가 된다.,80.0,불꽃
520,풀의맹세,풀기둥으로 공격한다. 물과 조합하면 위력이 올라가고 주변이 습지초원이 된다.,80.0,풀
521,볼트체인지,공격한 뒤 굉장한 스피드로 돌아와서 교대 포켓몬과 교체한다.,70.0,전기
522,벌레의저항,저항해서 상대를 공격한다. 상대의 특수공격을 떨어뜨린다.,50.0,벌레
523,땅고르기,땅을 힘껏 밟아 자신의 주위에 있는 포켓몬을 공격한다. 상대의 스피드를 떨어뜨린다.,60.0,땅
524,얼음숨결,차가운 숨결을 상대에게 내뿜어 공격한다. 반드시 급소에 맞는다.,60.0,얼음
525,드래곤테일,상대를 튕겨내서 교대할 포켓몬을 끌어낸다. 야생의 경우에는 배틀이 끝난다.,60.0,드래곤
526,분발,스스로 분발해서 공격과 특수공격을 올린다.,,노말
527,일렉트릭네트,전기 네트로 상대를 붙잡아서 공격한다. 상대의 스피드를 떨어뜨린다.,55.0,전기
528,와일드볼트,전기를 두르고 상대에게 부딪쳐 공격한다. 자신도 조금 데미지를 입는다.,90.0,전기
529,드릴라이너,드릴처럼 몸을 회전시켜서 상대에게 몸통박치기한다. 급소에 맞기 쉽다.,80.0,땅
530,더블촙,몸의 단단한 부분으로 상대를 때려 공격한다. 2회 연속으로 데미지를 준다.,40.0,드래곤
531,하트스탬프,귀여운 모습으로 방심시켜서 강렬한 일격을 날린다. 상대를 풀죽게 만들 때가 있다.,60.0,에스퍼
532,우드호른,뿔을 꿰찔러서 상대의 양분을 흡수한다. 입힌 데미지의 절반에 해당하는 HP를 회복할 수 있다.,75.0,풀
533,성스러운칼,긴 뿔로 베어 공격한다. 상대의 능력 변화에 관계없이 데미지를 준다.,90.0,격투
534,셸블레이드,날카로운 조개껍질로 베어 공격한다. 상대의 방어를 떨어뜨릴 때가 있다.,75.0,물
535,히트스탬프,불타는 몸으로 상대에게 부딪쳐서 공격한다. 자신이 상대보다 무거울수록 위력이 올라간다.,,불꽃
536,그래스믹서,날카로운 잎사귀로 상대를 둘러싸서 공격한다. 명중률을 떨어뜨릴 때가 있다.,65.0,풀
537,하드롤러,둥글게 뭉친 몸을 회전하여 상대를 뭉개 버린다. 상대를 풀죽게 만들 때가 있다.,65.0,벌레
538,코튼가드,푹신푹신한 솜털로 자신의 몸을 둘러싸서 지킨다. 방어를 매우 크게 올린다.,,풀
539,나이트버스트,암흑의 충격파를 날려서 상대를 공격한다. 명중률을 떨어뜨릴 때가 있다.,85.0,악
540,사이코브레이크,이상한 염력파를 실체화하여 상대를 공격한다. 물리적인 데미지를 준다.,100.0,에스퍼
541,스위프뺨치기,단단한 꼬리로 상대를 때려서 공격한다. 2-5회 동안 연속으로 쓴다.,25.0,노말
542,폭풍,강렬한 바람으로 상대를 둘러싸서 공격한다. 상대를 혼란시킬 때가 있다.,110.0,비행
543,아프로브레이크,굉장한 아프로 머리로 상대에게 돌진하여 공격한다. 자신도 조금 데미지를 입는다.,120.0,노말
544,기어소서,강철의 기어를 상대에게 던져서 공격한다. 2회 연속으로 데미지를 준다.,50.0,강철
545,화염탄,새빨간 불꽃으로 자신의 주위에 있는 포켓몬을 공격한다. 화상 상태로 만들 때가 있다.,100.0,불꽃
546,테크노버스터,광탄을 상대에게 방출한다. 자신이 지니고 있는 카세트에 의해 타입이 바뀐다.,120.0,노말
547,옛노래,옛노래를 상대에게 들려주고 마음에 호소하여 공격한다. 잠듦 상태로 만들 때가 있다.,75.0,노말
548,신비의칼,긴 뿔로 베어 공격한다. 뿔이 머금은 이상한 힘은 물리적인 데미지를 준다.,85.0,격투
549,얼다세계,차가운 냉기를 상대에게 내뿜어 공격한다. 상대의 스피드를 떨어뜨린다.,65.0,얼음
550,뇌격,방대한 전기를 몸에 둘러 상대에게 돌진해서 공격한다. 마비 상태로 만들 때가 있다.,130.0,전기
551,푸른불꽃,아름다우면서도 격렬한 푸른불꽃으로 상대를 둘러싸서 공격한다. 화상 상태로 만들 때가 있다.,130.0,불꽃
552,불꽃춤,불꽃을 둘러 날개를 쳐서 공격한다. 자신의 특수공격이 오를 때가 있다.,80.0,불꽃
553,프리즈볼트,전기를 두른 얼음 덩어리로 2턴째에 상대를 내리친다. 마비 상태로 만들 때가 있다.,140.0,얼음
554,콜드플레어,모든 것을 얼려버리는 격렬한 냉기로 2턴째에 상대를 둘러싼다. 화상 상태로 만들 때가 있다.,140.0,얼음
555,바크아웃,호되게 호통을 쳐서 상대의 특수공격을 떨어뜨린다.,55.0,악
556,고드름떨구기,큰 고드름을 격렬하게 부딪쳐서 공격한다. 상대를 풀죽게 만들 때가 있다.,85.0,얼음
557,V제너레이트,"작열하는 불꽃을 이마에서 발생시켜 이판사판으로 몸통박치기한다. 방어, 특수방어, 스피드가 떨어진다.",180.0,불꽃
558,크로스플레임,거대한 불꽃을 내리친다. 거대한 천둥의 영향을 받아 기술의 위력이 올라간다.,100.0,불꽃
559,크로스썬더,거대한 천둥을 내리친다. 거대한 불꽃의 영향을 받아 기술의 위력이 올라간다.,100.0,전기
560,플라잉프레스,공중에서 상대에게 다이브한다. 이 기술은 격투타입임과 동시에 비행타입이기도 하다.,100.0,격투
561,마룻바닥세워막기,뒤집어 세운 마룻바닥을 방패로 하여 자신과 같은 편으로 향하는 기술 데미지를 막는다. 변화 기술은 막을 수 없다.,,격투
562,트림,상대를 향해 트림을 하여 데미지를 준다. 나무열매를 먹지 않으면 쓸 수 없다.,120.0,독
563,일구기,땅을 일구어 초목이 자라기 쉽게 한다. 풀타입의 공격과 특수공격이 오른다.,,땅
564,끈적끈적네트,상대의 주위에 끈적끈적한 네트를 둘러 펼쳐 교체되어 나온 상대의 스피드를 떨어뜨린다.,,벌레
565,마지막일침,이 기술을 사용하여 상대를 쓰러뜨리면 공격이 크게 오른다.,50.0,벌레
566,고스트다이브,1턴째에 어디론가 사라져서 2턴째에 상대를 공격한다. 기술 방어를 무시하고 공격할 수 있다.,90.0,고스트
567,핼러윈,상대를 핼러윈으로 초대한다. 상대 타입에 고스트타입이 추가된다.,,고스트
568,부르짖기,우렁차게 부르짖어서 상대를 위협하여 상대의 공격과 특수공격을 떨어뜨린다.,,노말
569,플라스마샤워,전기를 띤 입자를 확산시켜 노말타입 기술을 전기타입으로 바꿔버린다.,,전기
570,파라볼라차지,주위에 있는 모든 포켓몬에게 데미지를 준다. 준 데미지의 절반을 자신이 회복한다.,65.0,전기
571,숲의저주,상대에게 숲의 저주를 건다. 저주에 걸린 상대는 타입에 풀타입이 추가된다.,,풀
572,꽃보라,세찬 꽃보라를 일으켜서 주위에 있는 포켓몬을 공격하여 데미지를 준다.,90.0,풀
573,프리즈드라이,상대를 급격히 차갑게 하여 얼음 상태로 만들 때가 있다. 물타입 포켓몬에게도 효과가 굉장해진다.,70.0,얼음
574,차밍보이스,매혹적인 울음소리를 내어 상대에게 정신적 데미지를 준다. 공격은 반드시 명중한다.,40.0,페어리
575,막말내뱉기,막말을 내뱉어 상대를 위협하여 공격과 특수공격을 떨어뜨린 후 교대 포켓몬과 교체한다.,,악
576,뒤집어엎기,상대에게 걸려 있는 모든 능력 변화를 뒤집어서 반대로 만든다.,,악
577,드레인키스,키스로 상대로부터 HP를 흡수한다. 준 데미지의 반 이상 HP를 회복한다.,50.0,페어리
578,트릭가드,이상한 힘을 사용하여 같은 편을 공격하는 변화 기술을 막는다. 데미지 기술은 받는다.,,페어리
579,플라워가드,이상한 힘을 사용하여 배틀에 나와있는 모든 풀타입 포켓몬의 방어를 올린다.,,페어리
580,그래스필드,5턴 동안 발밑을 그래스필드로 만든다. 땅에 있는 포켓몬은 매 턴 회복한다.,,풀
581,미스트필드,5턴 동안 발밑을 미스트필드로 만든다. 땅에 있으면 상태 이상이 되지 않는다.,,페어리
582,송전,상대가 기술을 쓰기 전에 송전하면 그 턴에 상대가 사용하는 기술은 전기타입이 된다.,,전기
583,치근거리기,상대에게 치근거리며 공격한다. 상대의 공격을 떨어뜨릴 때가 있다.,90.0,페어리
584,요정의바람,요정의 바람을 일으켜 상대에게 몰아쳐서 공격한다.,40.0,페어리
585,문포스,달의 파워를 빌려서 상대를 공격한다. 상대의 특수공격을 떨어뜨릴 때가 있다.,95.0,페어리
586,폭음파,무시무시한 폭음의 파괴력으로 주위에 있는 포켓몬을 공격한다.,140.0,노말
587,페어리록,록을 걸어 다음 턴의 모든 포켓몬을 도망가지 못하게 한다.,,페어리
588,킹실드,상대의 공격을 막음과 동시에 방어 태세를 갖춘다. 접촉한 상대의 공격을 크게 떨어뜨린다.,,강철
589,친해지기,상대와 친해져서 싸울 마음을 잃게 하여 상대의 공격을 떨어뜨린다.,,노말
590,비밀이야기,비밀 이야기를 하면서 상대의 집중력을 잃게 하여 상대의 특수공격을 떨어뜨린다.,,노말
591,다이아스톰,다이아 폭풍을 일으켜 데미지를 준다. 자신의 방어를 올릴 때가 있다.,100.0,바위
592,스팀버스트,상대에게 굉장히 뜨거운 증기를 뿜는다. 상대는 화상을 입기도 한다.,110.0,물
593,다른차원홀,다른차원홀로 갑자기 상대 바로 옆에 나타나 공격한다. 방어나 판별도 무시할 수 있다.,80.0,에스퍼
594,물수리검,점액으로 만든 수리검을 2-5회 동안 연속으로 던진다. 반드시 선제공격할 수 있다.,15.0,물
595,매지컬플레임,입에서 내뱉는 아주 뜨거운 불꽃으로 공격한다. 상대의 특수공격을 떨어뜨린다.,75.0,불꽃
596,니들가드,상대의 공격을 막음과 동시에 접촉한 상대의 체력을 떨어뜨린다.,,풀
597,아로마미스트,신비한 아로마 향으로 같은 편의 특수방어를 올린다. ,,페어리
598,괴전파,몸에서 괴전파를 내어 상대에게 쏨으로써 특수공격을 크게 떨어뜨린다.,,전기
599,베놈트랩,"특수한 독액을 끼얹는다. 독 상태인 상대는 공격, 특수공격, 스피드가 떨어진다.",,독
600,분진,분진을 뒤집어쓴 상대가 불꽃 기술을 쓰면 폭발하여 데미지를 준다.,,벌레
601,지오컨트롤,"1턴째에 에너지를 흡수하여 2턴째에 특수공격, 특수방어, 스피드를 크게 올린다.",,페어리
602,자기장조작,"자기장 조작으로 인해 특성 플러스와 마이너스의 방어, 특수방어가 오른다.",,전기
603,해피타임,해피타임 기술을 쓰면 배틀 후에 받을 수 있는 돈이 배가 된다.,,노말
604,일렉트릭필드,5턴 동안 발밑을 일렉트릭필드로 만든다. 땅에 있는 포켓몬은 잠들지 않게 된다.,,전기
605,매지컬샤인,강력한 빛을 내어 상대에게 데미지를 준다.,80.0,페어리
606,축하,포켓몬이 매우 행복한 당신을 축하해 준다.,,노말
607,손에손잡기,같은 편 포켓몬끼리 손에 손을 잡는다. 굉장히 행복한 기분이 들게 된다.,,노말
608,초롱초롱눈동자,초롱초롱한 눈동자로 상대를 바라보며 공격을 떨어뜨린다. 반드시 선제공격할 수 있다.,,페어리
609,볼부비부비,전기가 흐르는 볼을 비벼서 공격한다. 상대를 마비 상태로 만든다.,20.0,전기
610,적당히손봐주기,적당히 공격하여 상대의 HP를 반드시 1은 남긴다.,40.0,노말
611,엉겨붙기,4-5턴 동안 상대에게 엉겨 붙어서 공격한다. 그동안 상대는 도망갈 수 없다.,20.0,벌레
612,그로우펀치,반복하여 때리면 점점 주먹이 단단해진다. 상대를 때리면 공격이 오른다.,40.0,격투
613,데스윙,조준한 상대로부터 HP를 흡수한다. 준 데미지의 반 이상 HP를 회복한다.,80.0,비행
614,사우전드애로,떠 있는 포켓몬도 맞힐 수 있다. 떠 있던 상대는 맞아서 땅에 떨어진다.,90.0,땅
615,사우전드웨이브,땅 위를 뻗어 나가는 파도로 공격한다. 파도에 휩쓸린 상대는 전투에서 도망칠 수 없게 된다.,90.0,땅
616,그라운드포스,대지의 힘을 모으고 그 힘을 상대에게 집중시켜서 데미지를 준다.,90.0,땅
617,파멸의빛,영원의 꽃의 파워를 빌려서 강력한 광선을 쏜다. 자신도 상당한 데미지를 입는다.,140.0,페어리
618,근원의파동,파랗게 빛나는 무수한 광선으로 상대를 공격한다.,110.0,물
619,단애의칼,대지의 힘을 칼날로 바꿔 상대를 공격한다.,120.0,땅
620,화룡점정,넓은 하늘에서 급속으로 강하하여 상대를 공격한다. 자신의 방어와 특수방어가 떨어진다.,120.0,비행
621,다른차원러시,많은 팔을 사용하여 방어와 판별을 무시하는 연속 공격이다. 자신의 방어가 떨어진다.,100.0,악
622,울트라대시어택,Z파워로 기세를 몰아 전력으로 상대에게 부딪친다. 원래 기술에 따라 위력이 변한다.,,노말
623,울트라대시어택,Dummy Data,,노말
624,전력무쌍격렬권,Z파워로 만든 에너지 구슬을 전력으로 상대에게 부딪친다. 원래 기술에 따라 위력이 변한다.,,격투
625,전력무쌍격렬권,Dummy Data,,격투
626,파이널다이브클래시,Z파워로 기세 좋게 날아올라 상대를 향해 전력으로 낙하한다. 원래 기술에 따라 위력이 변한다.,,비행
627,파이널다이브클래시,Dummy Data,,비행
628,애시드포이즌딜리트,Z파워로 독의 늪을 만들어 전력으로 상대를 가라앉힌다. 원래 기술에 따라 위력이 변한다.,,독
629,애시드포이즌딜리트,Dummy Data,,독
630,라이징랜드오버,Z파워로 땅 깊숙이 파고들어 전력으로 상대에게 부딪친다. 원래 기술에 따라 위력이 변한다.,,땅
631,라이징랜드오버,Dummy Data,,땅
632,월즈엔드폴,Z파워로 큰 바위산을 불러내 전력으로 상대에게 부딪친다. 원래 기술에 따라 위력이 변한다.,,바위
633,월즈엔드폴,Dummy Data,,바위
634,절대포식회전참,Z파워로 뱉어낸 실이 전력으로 상대를 붙들어 맨다. 원래 기술에 따라 위력이 변한다.,,벌레
635,절대포식회전참,Dummy Data,,벌레
636,무한암야로의유인,Z파워로 불러낸 강한 원념이 전력으로 상대에게 쏟아진다. 원래 기술에 따라 위력이 변한다.,,고스트
637,무한암야로의유인,Dummy Data,,고스트
638,초월나선연격,Z파워로 고속 회전을 하여 전력으로 상대에게 부딪친다. 원래 기술에 따라 위력이 변한다.,,강철
639,초월나선연격,Dummy Data,,강철
640,다이내믹풀플레임,Z파워로 활활 타는 불꽃을 뱉어내 전력으로 상대에게 부딪친다. 원래 기술에 따라 위력이 변한다.,,불꽃
641,다이내믹풀플레임,Dummy Data,,불꽃
642,슈퍼아쿠아토네이도,Z파워로 큰 바다회오리를 만들어 전력으로 상대를 집어삼킨다. 원래 기술에 따라 위력이 변한다.,,물
643,슈퍼아쿠아토네이도,Dummy Data,,물
644,블룸샤인엑스트라,Z파워로 화초들의 에너지를 빌려 전력으로 상대를 공격한다. 원래 기술에 따라 위력이 변한다.,,풀
645,블룸샤인엑스트라,Dummy Data,,풀
646,스파킹기가볼트,Z파워로 비축한 강한 전기를 전력으로 상대에게 부딪친다. 원래 기술에 따라 위력이 변한다.,,전기
647,스파킹기가볼트,Dummy Data,,전기
648,맥시멈사이브레이커,Z파워로 상대를 조종해 전력으로 매서운 맛을 보여준다. 원래 기술에 따라 위력이 변한다.,,에스퍼
649,맥시멈사이브레이커,Dummy Data,,에스퍼
650,레이징지오프리즈,Z파워로 기온을 급격하게 떨어뜨려 전력으로 상대를 얼린다. 원래 기술에 따라 위력이 변한다.,,얼음
651,레이징지오프리즈,Dummy Data,,얼음
652,얼티메이트드래곤번,Z파워로 오라를 실체화시켜 전력으로 상대를 공격한다. 원래 기술에 따라 위력이 변한다.,,드래곤
653,얼티메이트드래곤번,Dummy Data,,드래곤
654,블랙홀이클립스,Z파워로 어둠의 에너지를 모아 전력으로 상대를 끌어당긴다. 원래 기술에 따라 위력이 변한다.,,악
655,블랙홀이클립스,Dummy Data,,악
656,러블리스타임팩트,Z파워로 매혹의 공간을 만들어 전력으로 상대를 가지고 논다. 원래 기술에 따라 위력이 변한다.,,페어리
657,러블리스타임팩트,Dummy Data,,페어리
658,필살피카슛,Z파워로 최대 전력을 몸에 두른 피카츄가 전력으로 상대에게 덤벼든다.,210.0,전기
659,모래모으기,자신의 최대 HP 절반을 회복한다. 모래바람일 때는 많이 회복한다.,,땅
660,만나자마자,위력이 높은 기술이지만 배틀에 나가서 바로 쓰지 않으면 성공할 수 없다.,90.0,벌레
661,토치카,상대의 공격을 막음과 동시에 접촉한 상대에게 독을 퍼뜨린다.,,독
662,그림자꿰매기,공격과 동시에 상대의 그림자를 꿰매 도망칠 수 없게 한다.,80.0,고스트
663,DD래리어트,양팔을 돌려 상대에 부딪친다. 상대의 능력 변화에 상관없이 데미지를 준다.,85.0,악
664,물거품아리아,노래 부르는 것으로 많은 벌룬을 방출한다. 기술에 맞으면 화상이 낫는다.,90.0,물
665,아이스해머,강하고 무거운 주먹을 휘둘러 데미지를 준다. 자신의 스피드가 떨어진다.,100.0,얼음
666,플라워힐,최대 HP의 절반만큼 상대의 HP를 회복한다. 그래스필드일 때 효과가 올라간다.,,페어리
667,10만마력,온몸을 써서 상대에게 맹렬히 어택한다.,95.0,땅
668,힘흡수,상대 공격력과 동일하게 자신의 HP를 회복한다. 그리고 상대의 공격을 떨어뜨린다.,,풀
669,솔라블레이드,1턴째 빛을 가득하게 모으고 2턴째 그 힘을 검에 담아 공격한다.,125.0,풀
670,나뭇잎,잎을 상대에 맞춰 공격한다.,40.0,풀
671,스포트라이트,포켓몬에게 스포트라이트를 비춰 그 턴에서 그 포켓몬만 공격할 수 있게 한다.,,노말
672,독실,독이 섞인 실을 뿜어낸다. 상대를 독 상태로 만들고 스피드를 떨어뜨린다.,,독
673,예민해지기,정신을 집중해서 다음 공격을 반드시 급소에 맞춘다.,,노말
674,어시스트기어,기어를 넣는 것으로 특성 플러스와 마이너스의 공격과 특수공격이 올라간다.,,강철
675,지옥찌르기,이 기술에 맞은 상대는 지옥의 고통 때문에 2턴 동안 소리 기술을 낼 수 없다.,80.0,악
676,꽃가루경단,상대에게는 폭발하는 경단을 사용하여 공격한다. 같은 편에게는 회복하는 경단을 준다.,90.0,벌레
677,앵커숏,앵커를 상대에게 휘감아서 공격한다. 상대는 도망칠 수 없게 된다.,80.0,강철
678,사이코필드,5턴 동안 땅에 있으면 선제공격을 받지 않는다. 에스퍼타입의 위력이 올라간다.,,에스퍼
679,덤벼들기,전력으로 상대에게 덤벼들며 공격한다. 상대의 공격을 떨어뜨린다.,80.0,벌레
680,불꽃채찍,불타는 채찍으로 상대를 친다. 공격을 받은 상대는 방어가 떨어진다.,80.0,불꽃
681,기어오르기,자신의 강함을 뻐기고 공격한다. 자신의 능력이 올라가 있는 만큼 위력이 오른다.,20.0,악
682,불사르기,전신의 불꽃을 모두 태워서 큰 데미지를 준다. 자신의 불꽃타입이 없어진다.,130.0,불꽃
683,스피드스웹,상대의 스피드와 자신의 스피드를 교체한다.,,에스퍼
684,스마트호른,뾰족한 뿔로 상대를 꿰찔러서 공격한다. 공격은 반드시 명중한다.,70.0,강철
685,정화,상대의 상태 이상을 회복한다. 회복하면 자신은 HP를 회복할 수 있다.,,독
686,잠재댄스,전력으로 춤추며 공격한다. 이 기술의 타입은 자신의 타입과 같아진다.,90.0,노말
687,코어퍼니셔,데미지를 준 상대가 이미 행동을 끝냈다면 상대의 특성을 없애버린다.,100.0,드래곤
688,트로피컬킥,남쪽 나라에서 유래된 뜨거운 킥을 상대에게 날린다. 상대의 공격을 떨어뜨린다.,70.0,풀
689,지휘,상대에게 지시하여 상대가 쓴 기술을 다시 한 번 쓰게 할 수 있다.,,에스퍼
690,부리캐논,먼저 부리를 가열시킨 다음 공격을 날린다. 가열 중에 만지면 화상을 입는다.,100.0,비행
691,스케일노이즈,전신의 비늘을 비벼서 큰 소리를 내 공격한다. 공격 후 자신의 방어가 떨어진다.,110.0,드래곤
692,드래곤해머,몸을 해머처럼 써서 상대를 덮쳐 데미지를 준다.,90.0,드래곤
693,세차게휘두르기,자신의 몸을 세차게 휘둘러서 상대에게 데미지를 준다.,60.0,악
694,오로라베일,5턴 동안 물리와 특수 기술의 데미지를 약하게 한다. 싸라기눈일 때만 쓸 수 있다.,,얼음
695,섀도애로우즈스트라이크,Z파워로 무수한 화살을 만들어낸 모크나이퍼가 전력으로 상대를 꿰뚫는 공격이다.,180.0,고스트
696,하이퍼다크크러셔,Z파워로 강한 육체를 얻은 어흥염이 전력으로 상대에게 부딪쳐 공격한다.,180.0,악
697,바다의심포니,Z파워로 대량의 물을 부른 누리레느가 전력으로 상대를 공격한다.,195.0,물
698,알로라의수호자,Z파워로 알로라의 힘을 얻은 토속신포켓몬 전력의 공격. 상대의 남은 HP를 많이 줄인다.,,페어리
699,칠성탈혼퇴,Z파워를 얻은 마샤도가 펀치와 킥의 연속기술을 전력으로 상대에게 퍼붓는다.,195.0,고스트
700,라이트닝서프라이드,Z파워를 얻은 알로라지방의 라이츄가 전력으로 공격한다. 상대를 마비 상태로 만든다.,175.0,전기
701,진심의공격,Z파워로 진심을 낸 잠만보가 거대한 몸을 움직여서 전력으로 상대를 공격한다.,210.0,노말
702,나인이볼부스트,Z파워를 얻은 이브이가 진화한 동료들의 힘을 빌려 능력을 크게 올린다.,,노말
703,오리진즈슈퍼노바,Z파워를 얻은 뮤가 전력으로 상대를 공격한다. 발밑이 사이코필드가 된다.,185.0,에스퍼
704,트랩셸,껍질의 트랩을 설치한다. 상대가 물리 기술을 쓰면 폭발해서 데미지를 준다.,150.0,불꽃
705,플뢰르캐논,강력한 빔을 발산한 후 자신의 특수공격이 크게 떨어진다.,130.0,페어리
706,사이코팽,사이코 파워로 물어서 상대를 공격한다. 빛의장막이나 리플렉터도 파괴할 수 있다.,85.0,에스퍼
707,분함의발구르기,분함을 발판삼아 공격한다. 앞 턴에서 기술이 빗나갔다면 위력이 배가 된다.,75.0,땅
708,섀도본,영혼이 머물고 있는 뼈로 상대를 세게 때려서 공격한다. 상대의 방어를 떨어뜨릴 때가 있다.,85.0,고스트
709,액셀록,재빠른 스피드로 상대에게 부딪쳐서 공격한다. 반드시 선제공격할 수 있다.,40.0,바위
710,아쿠아브레이크,물의 힘으로 상대에게 부딪쳐서 공격한다. 상대의 방어를 떨어뜨릴 때가 있다.,85.0,물
711,프리즘레이저,프리즘의 힘으로 강력한 광선을 발사한다. 다음 턴은 움직일 수 없다.,160.0,에스퍼
712,섀도스틸,상대의 그림자에 숨어들어 상대의 능력이 올라가는 것을 뺏어 공격한다.,90.0,고스트
713,메테오드라이브,유성 같은 기세로 돌진한다. 상대의 특성을 무시하고 공격할 수 있다.,100.0,강철
714,섀도레이,괴상한 광선을 쏘아 공격한다. 상대의 특성을 무시하고 공격할 수 있다.,100.0,고스트
715,눈물그렁그렁,눈물을 그렁그렁거려 상대의 전의를 상실하게 한다. 상대의 공격과 특수공격이 떨어진다.,,노말
716,찌리리따끔따끔,상대에게 부딪쳐 강력한 전기를 날려서 찌리리따끔따끔하게 만든다. 상대를 풀죽게 만들 때가 있다.,80.0,전기
717,자연의분노,자연의 분노를 상대에게 부딪친다. 상대의 HP는 절반이 된다.,,페어리
718,멀티어택,높은 에너지를 둘러싸 상대에게 부딪쳐 공격한다. 메모리에 따라 타입이 바뀐다.,120.0,노말
719,1000만볼트,모자를 쓴 피카츄가 Z파워로 파워업한 전격을 쏜다. 급소에 맞기 쉽다.,195.0,전기
720,깜짝헤드,자신의 머리를 폭발시켜 주위의 모든 것을 공격한다. 자신도 데미지를 받는다.,150.0,불꽃
721,플라스마피스트,전기를 두른 주먹으로 공격한다. 노말타입 기술을 전기타입으로 바꿔버린다.,100.0,전기
722,포톤가이저,빛의 기둥으로 공격한다. 공격과 특수공격을 비교해서 높은 쪽으로 데미지를 준다.,100.0,에스퍼
723,하늘을태우는멸망의빛,네크로즈마가 상대의 특성 효과를 무시하고 공격과 특수공격 중 높은 쪽으로 데미지를 준다.,200.0,에스퍼
724,선샤인스매셔,Z파워를 얻은 솔가레오가 전력으로 공격한다. 상대의 특성 효과를 무시할 수 있다.,200.0,강철
725,문라이트블래스터,Z파워를 얻은 루나아라가 전력으로 공격한다. 상대의 특성 효과를 무시할 수 있다.,200.0,고스트
726,투닥투닥프렌드타임,Z파워를 얻은 따라큐가 전력으로 투닥투닥 공격한다.,190.0,페어리
727,레이디얼에지스톰,Z파워를 얻은 루가루암이 전력으로 공격한다. 추가로 필드 상태를 없앤다.,190.0,바위
728,브레이징소울비트,Z파워를 얻은 짜랑고우거가 전력으로 상대를 공격한다. 추가로 자신의 능력이 올라간다.,185.0,드래곤
729,파찌파찌액셀,맹렬한 속도의 전격 공격. 반드시 선제공격할 수 있고 급소에 맞는다.,80.0,전기
730,참방참방서핑,커다란 파도에 전기를 날리고 상대에게 부딪쳐서 공격한다. 마비 상태로 만들 때가 있다.,90.0,물
731,둥실둥실폴,두둥실 떠오른 다음 단숨에 급강하해서 공격한다. 상대를 풀죽게 만들 때가 있다.,90.0,비행
732,피카피카썬더,트레이너를 좋아하는 피카츄의 마음이 강할수록 위력이 올라가는 전격. 반드시 명중한다.,,전기
733,생생버블,물덩어리를 부딪쳐서 공격한다. 물을 흡수하여 데미지의 절반만큼 HP를 회복한다.,60.0,물
734,찌릿찌릿일렉,전기를 상대에게 날려서 공격한다. 상대를 마비 상태로 만든다.,60.0,전기
735,이글이글번,불꽃을 두른 몸으로 기세 좋게 상대에게 부딪친다. 상대를 화상 상태로 만든다.,60.0,불꽃
736,콸콸오라,염동력을 한가득 날린다. 상대의 특수공격을 약하게 만드는 이상한 장막을 만든다.,80.0,에스퍼
737,아그아그존,악함을 어필해서 공격한다. 상대의 물리공격을 약하게 만드는 이상한 장막을 만든다.,80.0,악
738,쑥쑥봄버,거대한 덩굴을 자라게 하고 씨를 흩뿌려서 공격한다. 씨는 매 턴 상대의 HP를 흡수한다.,100.0,풀
739,꽁꽁프로스트,차갑게 얼어붙은 흑안개의 결정으로 공격한다. 전원의 능력 변화를 원래대로 돌린다.,100.0,얼음
740,반짝반짝스톰,숨 막힐 듯 진한 향기의 회오리로 상대를 휘감아 공격한다. 같은 편의 상태 이상을 회복한다.,120.0,페어리
741,브이브이브레이크,트레이너를 좋아하는 이브이의 마음이 강할수록 위력이 올라가는 몸통박치기. 반드시 명중한다.,,노말
742,더블펀처,가슴의 너트를 축으로 회전시켜 2번 연속 팔로 힘껏 친다. 상대를 풀죽게 만들 때가 있다.,60.0,강철
743,다이월,상대의 공격을 전혀 받지 않는다. 연속으로 쓰면 실패하기 쉽다.,,노말
744,다이맥스포,코어에서 빔을 발사해서 공격한다. 상대가 다이맥스 중이면 데미지가 2배가 된다.,100.0,드래곤
745,노려맞히기,상대의 기술을 끌어모으는 특성이나 기술의 영향을 무시하고 선택한 상대를 공격할 수 있다.,80.0,물
